auth.py 2025-10-27 18:36:24,238 - app.routers.auth -INFO - Attempting to register user with email: test1@example.com
auth.py 2025-10-27 18:36:24,257 - app.routers.auth -ERROR - Error registering user with email: Could not determine join condition between parent/child tables on relationship Service.reviews - there are no foreign keys linking these tables.  Ensure that referencing columns are associated with a ForeignKey or ForeignKeyConstraint, or specify a 'primaryjoin' expression.
auth.py 2025-10-27 18:38:02,382 - app.routers.auth -INFO - Attempting to register user with email: test1@example.com
auth.py 2025-10-27 18:38:02,432 - app.routers.auth -ERROR - Error registering user with email: Could not determine join condition between parent/child tables on relationship Review.feedback - there are no foreign keys linking these tables.  Ensure that referencing columns are associated with a ForeignKey or ForeignKeyConstraint, or specify a 'primaryjoin' expression.
auth.py 2025-10-27 18:43:21,379 - app.routers.auth -INFO - Attempting to register user with email: test1@example.com
auth.py 2025-10-27 18:43:22,493 - app.routers.auth -INFO - User registered successfully with email: test1@example.com
auth.py 2025-10-27 18:45:58,640 - app.routers.auth -INFO - Attempting to register user with email: test1@example.com
auth.py 2025-10-27 18:45:58,650 - app.routers.auth -ERROR - Error registering user with email: 'NoneType' object has no attribute 'email'
auth.py 2025-10-27 18:46:11,699 - app.routers.auth -INFO - Attempting to register user with email: test1@example.com
auth.py 2025-10-27 18:46:11,706 - app.routers.auth -ERROR - Error registering user with email: 'NoneType' object has no attribute 'email'
auth.py 2025-10-27 18:50:07,806 - app.routers.auth -INFO - Attempting to register user with email: test1@example.com
auth.py 2025-10-27 18:50:08,028 - app.routers.auth -ERROR - Error registering user with email: 'NoneType' object has no attribute 'email'
auth.py 2025-10-27 18:51:42,082 - app.routers.auth -INFO - Attempting to register user with email: test1@example.com
auth.py 2025-10-27 18:51:42,088 - app.routers.auth -ERROR - Error registering user with email: 'NoneType' object has no attribute 'email'
auth.py 2025-10-27 18:55:47,428 - app.routers.auth -INFO - Attempting to register user with email: test1@example.com
auth.py 2025-10-27 18:55:47,664 - app.routers.auth -WARNING - Registration failed: User with email test1@example.com already exists.
auth.py 2025-10-27 18:58:01,546 - app.routers.auth -INFO - Attempting to register user with email: test2@example.com
auth.py 2025-10-27 18:58:02,302 - app.routers.auth -INFO - User registered successfully with email: test2@example.com
main.py 2025-10-27 19:00:31,365 - app.main -INFO - Root endpoint accessed
auth.py 2025-10-27 19:31:21,918 - app.routers.auth -INFO - Attempting to register user with email: test1@example.com
auth.py 2025-10-27 19:31:23,207 - app.routers.auth -INFO - User registered successfully with email: test1@example.com
auth.py 2025-10-27 23:42:06,690 - app.routers.auth -INFO - Attempting to register user with email: test1@example.com
auth.py 2025-10-27 23:42:06,873 - app.routers.auth -WARNING - Registration failed: User with email test1@example.com already exists.
auth.py 2025-10-27 23:42:06,874 - app.routers.auth -ERROR - Error during user registration: 400: User already exists
auth.py 2025-10-27 23:43:07,355 - app.routers.auth -INFO - Attempting to register user with email: test1@example.com
auth.py 2025-10-27 23:43:07,487 - app.routers.auth -WARNING - Registration failed: User with email test1@example.com already exists.
auth.py 2025-10-27 23:43:07,488 - app.routers.auth -ERROR - Error during user registration: 400: User already exists
auth.py 2025-10-27 23:45:13,456 - app.routers.auth -INFO - Attempting to register user with email: test1@example.com
auth.py 2025-10-27 23:45:13,613 - app.routers.auth -ERROR - Error during user registration: 400: User already exists
auth.py 2025-10-27 23:48:47,509 - app.routers.auth -INFO - Attempting to register user with email: test1@example.com
auth.py 2025-10-27 23:48:47,510 - app.routers.auth -ERROR - Error during user registration: 400: User already exists
auth.py 2025-10-27 23:49:18,834 - app.routers.auth -INFO - Attempting to register user with email: test1@example.com
auth.py 2025-10-27 23:49:18,835 - app.routers.auth -ERROR - Error during user registration: 400: User already exists
auth.py 2025-10-27 23:55:17,811 - app.routers.auth -INFO - Attempting to register user with email: test1@example.com
auth.py 2025-10-27 23:55:18,028 - app.routers.auth -WARNING - Registration failed: User with email test1@example.com already exists.
auth.py 2025-10-28 00:45:32,734 - app.routers.auth -INFO - User login attempt: test1@example.com
auth.py 2025-10-28 00:52:57,456 - app.routers.auth -INFO - User login attempt: test1@example.com
auth.py 2025-10-28 00:54:57,988 - app.routers.auth -INFO - User login attempt: test1@example.com
auth.py 2025-10-28 00:56:32,586 - app.routers.auth -INFO - User login attempt: test1@example.com
auth.py 2025-10-28 00:58:26,176 - app.routers.auth -INFO - User login attempt: test1@example.com
auth.py 2025-10-28 01:00:07,329 - app.routers.auth -INFO - User login attempt: test1@example.com
auth.py 2025-10-28 01:06:04,343 - app.routers.auth -INFO - User login attempt: test1@example.com
auth.py 2025-10-28 01:09:17,135 - app.routers.auth -INFO - User login attempt: test1@example.com
auth.py 2025-10-28 01:09:17,785 - app.routers.auth -INFO - User logged in successfully with email: test1@example.com
auth.py 2025-10-28 01:14:09,180 - app.routers.auth -INFO - User login attempt: test1@example.com
auth.py 2025-10-28 01:14:09,662 - app.services.auth -WARNING - Invalid login attempt for email: test1@example.com
auth.py 2025-10-28 01:14:09,663 - app.routers.auth -WARNING - Login failed for email: test1@example.com
auth.py 2025-10-28 01:15:02,474 - app.routers.auth -INFO - User login attempt: test@example.com
auth.py 2025-10-28 01:15:02,477 - app.services.auth -WARNING - Invalid login attempt for email: test@example.com
auth.py 2025-10-28 01:15:02,478 - app.routers.auth -WARNING - Login failed for email: test@example.com
auth.py 2025-10-28 01:15:12,870 - app.routers.auth -INFO - User login attempt: test1@example.com
auth.py 2025-10-28 01:15:13,185 - app.routers.auth -INFO - User logged in successfully with email: test1@example.com
auth.py 2025-10-28 23:32:35,292 - app.routers.auth -INFO - User login attempt: test1@example.com
auth.py 2025-10-28 23:32:36,596 - app.routers.auth -INFO - User logged in successfully with email: test1@example.com
auth.py 2025-10-28 23:50:54,582 - app.routers.auth -INFO - User login attempt: test1@example.com
auth.py 2025-10-28 23:50:55,718 - app.routers.auth -INFO - User logged in successfully with email: test1@example.com
auth.py 2025-10-29 00:01:30,004 - app.routers.auth -INFO - User login attempt: test1@example.com
auth.py 2025-10-29 00:01:31,021 - app.routers.auth -INFO - User logged in successfully with email: test1@example.com
auth.py 2025-10-29 10:41:22,148 - app.routers.auth -INFO - User login attempt: test1@example.com
auth.py 2025-10-29 10:41:24,151 - app.routers.auth -INFO - User logged in successfully with email: test1@example.com
auth.py 2025-10-29 11:03:04,560 - app.routers.auth -INFO - User login attempt: test1@example.com
auth.py 2025-10-29 11:03:06,867 - app.routers.auth -INFO - User logged in successfully with email: test1@example.com
auth.py 2025-10-29 11:28:02,922 - app.routers.auth -INFO - User login attempt: test1@example.com
auth.py 2025-10-29 11:28:05,095 - app.routers.auth -INFO - User logged in successfully with email: test1@example.com
auth.py 2025-10-29 11:40:42,248 - app.routers.auth -INFO - User login attempt: test1@example.com
auth.py 2025-10-29 11:40:44,343 - app.services.auth -WARNING - Invalid login attempt for email: test1@example.com
auth.py 2025-10-29 11:40:44,344 - app.routers.auth -WARNING - Login failed for email: test1@example.com
auth.py 2025-10-29 11:40:56,857 - app.routers.auth -INFO - User login attempt: test1@example.com
auth.py 2025-10-29 11:40:58,038 - app.routers.auth -INFO - User logged in successfully with email: test1@example.com
auth.py 2025-10-29 13:26:12,560 - app.routers.auth -INFO - User login attempt: test1@example.com
auth.py 2025-10-29 13:26:13,116 - app.routers.auth -INFO - User logged in successfully with email: test1@example.com
auth.py 2025-10-29 14:59:31,093 - app.routers.auth -INFO - User login attempt: test1@example.com
auth.py 2025-10-29 15:36:42,214 - app.routers.auth -INFO - User login attempt: test1@example.com
auth.py 2025-10-29 15:38:27,026 - app.routers.auth -INFO - User login attempt: test1@example.com
auth.py 2025-10-29 15:40:35,223 - app.routers.auth -INFO - User login attempt: test1@example.com
auth.py 2025-10-29 15:40:36,179 - app.services.auth -ERROR - Login error for user test1@example.com: create_access_token() got an unexpected keyword argument 'data'
auth.py 2025-10-29 15:40:36,180 - app.routers.auth -WARNING - Login failed for email: test1@example.com
auth.py 2025-10-29 15:53:02,052 - app.routers.auth -INFO - User login attempt: test1@example.com
auth.py 2025-10-29 15:53:02,944 - app.services.auth -ERROR - Login error for user test1@example.com: 'User' object has no attribute 'roles'
auth.py 2025-10-29 15:53:02,944 - app.routers.auth -WARNING - Login failed for email: test1@example.com
auth.py 2025-10-29 15:54:48,585 - app.routers.auth -INFO - User login attempt: test1@example.com
auth.py 2025-10-29 15:54:49,572 - app.services.auth -ERROR - Login error for user test1@example.com: create_access_token() got an unexpected keyword argument 'expires_delta'
auth.py 2025-10-29 15:54:49,573 - app.routers.auth -WARNING - Login failed for email: test1@example.com
auth.py 2025-10-29 15:57:02,637 - app.routers.auth -INFO - User login attempt: test1@example.com
auth.py 2025-10-29 15:57:03,694 - app.routers.auth -INFO - User logged in successfully with email: test1@example.com
auth.py 2025-10-29 16:02:38,082 - app.routers.auth -INFO - User login attempt: test1@example.com
auth.py 2025-10-29 16:02:39,024 - app.routers.auth -INFO - User logged in successfully with email: test1@example.com
auth.py 2025-10-29 20:59:32,603 - app.routers.auth -INFO - User login attempt: test1@example.com
auth.py 2025-10-29 21:03:27,266 - app.routers.auth -INFO - User login attempt: test1@example.com
auth.py 2025-10-29 21:06:10,940 - app.routers.auth -INFO - User login attempt: test1@example.com
auth.py 2025-10-29 21:06:11,763 - app.routers.auth -INFO - User logged in successfully with email: test1@example.com
auth.py 2025-10-29 21:31:33,127 - app.routers.auth -INFO - User login attempt: test1@example.com
auth.py 2025-10-29 21:33:32,403 - app.routers.auth -INFO - User login attempt: test1@example.com
auth.py 2025-10-29 21:34:13,166 - app.routers.auth -INFO - User login attempt: test1@example.com
auth.py 2025-10-29 21:38:11,192 - app.routers.auth -INFO - User login attempt: test1@example.com
auth.py 2025-10-29 21:38:11,792 - app.routers.auth -INFO - User logged in successfully with email: test1@example.com
auth.py 2025-10-29 22:06:34,886 - app.routers.auth -INFO - User login attempt: test1@example.com
auth.py 2025-10-29 22:06:35,918 - app.routers.auth -INFO - User logged in successfully with email: test1@example.com
auth.py 2025-10-29 23:44:18,870 - app.routers.auth -INFO - User login attempt: test1@example.com
auth.py 2025-10-29 23:44:19,477 - app.routers.auth -INFO - User logged in successfully with email: test1@example.com
auth.py 2025-10-29 23:55:12,393 - app.routers.auth -INFO - User login attempt: test1@example.com
auth.py 2025-10-29 23:55:13,038 - app.routers.auth -INFO - User logged in successfully with email: test1@example.com
auth.py 2025-10-30 08:45:22,270 - app.routers.auth -INFO - User login attempt: test1@example.com
auth.py 2025-10-30 08:45:23,456 - app.routers.auth -INFO - User logged in successfully with email: test1@example.com
auth.py 2025-10-30 08:46:13,102 - app.routers.auth -INFO - Refresh token attempt
auth.py 2025-10-30 08:46:37,191 - app.routers.auth -INFO - Refresh token attempt
auth.py 2025-10-30 12:19:16,088 - app.routers.auth -INFO - Refresh token attempt
auth.py 2025-10-30 12:19:48,434 - app.routers.auth -INFO - Refresh token attempt
auth.py 2025-10-30 12:20:17,596 - app.routers.auth -INFO - User login attempt: test1@example.com
auth.py 2025-10-30 12:20:18,413 - app.routers.auth -INFO - User logged in successfully with email: test1@example.com
auth.py 2025-10-30 12:21:03,204 - app.routers.auth -INFO - Refresh token attempt
auth.py 2025-10-30 12:21:39,910 - app.routers.auth -INFO - Refresh token attempt
auth.py 2025-10-30 12:42:17,576 - app.routers.auth -INFO - Refresh token attempt
auth.py 2025-10-30 12:48:17,880 - app.routers.auth -INFO - User login attempt: test1@example.com
auth.py 2025-10-30 12:48:18,452 - app.routers.auth -INFO - User logged in successfully with email: test1@example.com
auth.py 2025-10-30 12:49:35,990 - app.routers.auth -INFO - Refresh token attempt
auth.py 2025-10-30 12:50:06,448 - app.routers.auth -INFO - Refresh token attempt
auth.py 2025-10-30 14:51:55,744 - app.routers.auth -INFO - User login attempt: test1@example.com
auth.py 2025-10-30 14:51:57,864 - app.routers.auth -INFO - User logged in successfully with email: test1@example.com
auth.py 2025-10-30 14:52:45,485 - app.routers.auth -INFO - Refresh token attempt
auth.py 2025-10-30 14:53:00,202 - app.routers.auth -INFO - Refresh token attempt
auth.py 2025-10-30 16:05:21,228 - app.routers.auth -INFO - User login attempt: test1@example.com
auth.py 2025-10-30 16:05:23,301 - app.routers.auth -INFO - User logged in successfully with email: test1@example.com
auth.py 2025-10-30 16:06:27,063 - app.routers.auth -INFO - Refresh token attempt
auth.py 2025-10-30 16:06:49,522 - app.routers.auth -INFO - Refresh token attempt
auth.py 2025-10-30 16:15:47,683 - app.routers.auth -INFO - User login attempt: test1@example.com
auth.py 2025-10-30 16:15:49,574 - app.routers.auth -INFO - User logged in successfully with email: test1@example.com
auth.py 2025-10-30 16:19:32,341 - app.routers.auth -INFO - User login attempt: test1@example.com
auth.py 2025-10-30 16:19:33,789 - app.routers.auth -INFO - User logged in successfully with email: test1@example.com
auth.py 2025-10-30 16:22:02,552 - app.routers.auth -INFO - User login attempt: test1@example.com
auth.py 2025-10-30 16:22:03,961 - app.routers.auth -INFO - User logged in successfully with email: test1@example.com
auth.py 2025-10-30 18:25:54,646 - app.routers.auth -INFO - User login attempt: test1@example.com
auth.py 2025-10-30 18:25:55,423 - app.routers.auth -INFO - User logged in successfully with email: test1@example.com
auth.py 2025-10-30 18:29:18,144 - app.routers.auth -INFO - User login attempt: test1@example.com
auth.py 2025-10-30 18:29:18,146 - app.routers.auth -INFO - User logged in successfully with email: test1@example.com
auth.py 2025-10-30 18:38:23,334 - app.routers.auth -INFO - User login attempt: test1@example.com
auth.py 2025-10-30 18:38:24,026 - app.routers.auth -INFO - User logged in successfully with email: test1@example.com
auth.py 2025-10-30 18:39:19,408 - app.routers.auth -INFO - Refresh token attempt
auth.py 2025-10-30 18:41:00,278 - app.routers.auth -INFO - Refresh token attempt
auth.py 2025-10-30 18:56:52,770 - app.routers.auth -INFO - Refresh token attempt
auth.py 2025-10-30 19:05:30,230 - app.routers.auth -INFO - Refresh token attempt
auth.py 2025-10-30 19:06:30,324 - app.routers.auth -INFO - Refresh token attempt
auth.py 2025-10-30 19:11:34,298 - app.routers.auth -INFO - Refresh token attempt
auth.py 2025-10-30 19:31:53,756 - app.routers.auth -INFO - User login attempt: test1@example.com
auth.py 2025-10-30 19:33:53,687 - app.routers.auth -INFO - User login attempt: test1@example.com
auth.py 2025-10-30 19:33:55,578 - app.routers.auth -INFO - User logged in successfully with email: test1@example.com
auth.py 2025-10-30 19:58:48,955 - app.routers.auth -INFO - Refresh token attempt
auth.py 2025-10-30 22:12:18,229 - app.routers.auth -INFO - User login attempt: test1@example.com
auth.py 2025-10-30 22:12:20,597 - app.routers.auth -INFO - User logged in successfully with email: test1@example.com
auth.py 2025-10-30 22:13:00,814 - app.routers.auth -INFO - Refresh token attempt
auth.py 2025-10-30 22:18:54,640 - app.routers.auth -INFO - Refresh token attempt
auth.py 2025-10-30 22:19:44,299 - app.routers.auth -INFO - Refresh token attempt
auth.py 2025-10-30 22:38:40,750 - app.routers.auth -INFO - User login attempt: test1@example.com
auth.py 2025-10-30 22:38:44,470 - app.routers.auth -INFO - User logged in successfully with email: test1@example.com
auth.py 2025-10-30 22:39:48,359 - app.routers.auth -INFO - Refresh token attempt
auth.py 2025-10-30 22:46:56,273 - app.routers.auth -INFO - Refresh token attempt
auth.py 2025-10-30 22:49:21,326 - app.routers.auth -INFO - Refresh token attempt
auth.py 2025-10-30 22:49:21,393 - app.routers.auth -INFO - Access token refreshed successfully
auth.py 2025-10-30 22:50:10,762 - app.routers.auth -INFO - Refresh token attempt
auth.py 2025-10-30 22:56:06,824 - app.routers.auth -INFO - Refresh token attempt
auth.py 2025-10-30 22:56:06,897 - app.routers.auth -INFO - Access token refreshed successfully
auth.py 2025-10-30 23:00:47,055 - app.routers.auth -INFO - Refresh token attempt
auth.py 2025-10-30 23:01:37,229 - app.routers.auth -INFO - User login attempt: test1@example.com
auth.py 2025-10-30 23:01:40,056 - app.routers.auth -INFO - User logged in successfully with email: test1@example.com
auth.py 2025-10-30 23:02:54,642 - app.routers.auth -INFO - Refresh token attempt
auth.py 2025-10-30 23:07:02,804 - app.routers.auth -INFO - Refresh token attempt
auth.py 2025-10-30 23:07:32,824 - app.routers.auth -INFO - Refresh token attempt
auth.py 2025-10-30 23:09:11,775 - app.routers.auth -INFO - Refresh token attempt
auth.py 2025-10-30 23:09:11,797 - app.routers.auth -INFO - Access token refreshed successfully
auth.py 2025-10-30 23:11:40,889 - app.routers.auth -INFO - Refresh token attempt
auth.py 2025-10-30 23:11:40,904 - app.routers.auth -INFO - Access token refreshed successfully
auth.py 2025-10-30 23:12:03,947 - app.routers.auth -INFO - Refresh token attempt
auth.py 2025-10-30 23:12:03,969 - app.routers.auth -INFO - Access token refreshed successfully
auth.py 2025-10-30 23:12:16,249 - app.routers.auth -INFO - Refresh token attempt
auth.py 2025-10-30 23:12:16,265 - app.routers.auth -INFO - Access token refreshed successfully
auth.py 2025-10-30 23:12:40,798 - app.routers.auth -INFO - Refresh token attempt
auth.py 2025-10-30 23:15:19,775 - app.routers.auth -INFO - Refresh token attempt
auth.py 2025-10-30 23:21:50,831 - app.routers.auth -INFO - Refresh token attempt
auth.py 2025-10-30 23:24:30,556 - app.routers.auth -INFO - Refresh token attempt
auth.py 2025-10-30 23:32:30,186 - app.routers.auth -INFO - Refresh token attempt
auth.py 2025-10-30 23:32:30,196 - app.routers.auth -INFO - Access token refreshed successfully
auth.py 2025-10-30 23:51:26,246 - app.routers.auth -INFO - Refresh token attempt
auth.py 2025-10-30 23:51:26,344 - app.routers.auth -INFO - Access token refreshed successfully
auth.py 2025-10-30 23:52:36,678 - app.routers.auth -INFO - User login attempt: test1@example.com
auth.py 2025-10-30 23:52:37,724 - app.routers.auth -INFO - User logged in successfully with email: test1@example.com
auth.py 2025-10-30 23:53:28,186 - app.routers.auth -INFO - Refresh token attempt
auth.py 2025-10-30 23:53:28,187 - app.routers.auth -INFO - Access token refreshed successfully
auth.py 2025-10-31 00:01:38,437 - app.routers.auth -INFO - Refresh token attempt
auth.py 2025-10-31 00:04:20,354 - app.routers.auth -INFO - Refresh token attempt
auth.py 2025-10-31 00:04:45,156 - app.routers.auth -INFO - Refresh token attempt
auth.py 2025-10-31 00:06:46,321 - app.routers.auth -INFO - Refresh token attempt
auth.py 2025-10-31 00:45:10,780 - app.routers.auth -INFO - User login attempt: test1@example.com
auth.py 2025-10-31 00:45:12,451 - app.routers.auth -INFO - User logged in successfully with email: test1@example.com
auth.py 2025-10-31 00:46:20,919 - app.routers.auth -INFO - Refresh token attempt
auth.py 2025-10-31 00:50:21,293 - app.routers.auth -INFO - Refresh token attempt
auth.py 2025-10-31 11:06:32,977 - app.routers.auth -INFO - User login attempt: test1@example.com
auth.py 2025-10-31 11:06:34,259 - app.routers.auth -INFO - User logged in successfully with email: test1@example.com
auth.py 2025-10-31 11:07:42,063 - app.routers.auth -INFO - Refresh token attempt
auth.py 2025-10-31 11:11:24,674 - app.routers.auth -INFO - Refresh token attempt
auth.py 2025-10-31 11:18:32,428 - app.routers.auth -INFO - Refresh token attempt
auth.py 2025-10-31 11:24:25,637 - app.routers.auth -INFO - Refresh token attempt
auth.py 2025-10-31 11:48:32,372 - app.routers.auth -INFO - Refresh token attempt
auth.py 2025-10-31 11:53:58,896 - app.routers.auth -INFO - User login attempt: test1@example.com
auth.py 2025-10-31 11:54:00,209 - app.routers.auth -INFO - User logged in successfully with email: test1@example.com
auth.py 2025-10-31 11:59:53,071 - app.routers.auth -INFO - Refresh token attempt
auth.py 2025-10-31 12:23:41,124 - app.routers.auth -INFO - Refresh token attempt
auth.py 2025-10-31 12:54:30,141 - app.routers.auth -INFO - User login attempt: test1@example.com
auth.py 2025-10-31 12:54:31,955 - app.routers.auth -INFO - User logged in successfully with email: test1@example.com
auth.py 2025-10-31 12:55:27,359 - app.routers.auth -INFO - Refresh token attempt
auth.py 2025-10-31 13:07:40,040 - app.routers.auth -INFO - User login attempt: test1@example.com
auth.py 2025-10-31 13:07:41,029 - app.routers.auth -INFO - User logged in successfully with email: test1@example.com
auth.py 2025-10-31 13:08:39,262 - app.routers.auth -INFO - Refresh token attempt
auth.py 2025-10-31 13:08:39,263 - app.routers.auth -INFO - Access token refreshed successfully
auth.py 2025-10-31 13:14:39,896 - app.routers.auth -INFO - Refresh token attempt
auth.py 2025-10-31 13:14:39,910 - app.routers.auth -INFO - Access token refreshed successfully
auth.py 2025-10-31 13:15:37,720 - app.routers.auth -INFO - Refresh token attempt
auth.py 2025-10-31 13:30:42,385 - app.routers.auth -INFO - Refresh token attempt
auth.py 2025-10-31 13:30:42,403 - app.routers.auth -INFO - Access token refreshed successfully
auth.py 2025-10-31 13:33:35,686 - app.routers.auth -INFO - Refresh token attempt
auth.py 2025-10-31 13:45:46,210 - app.routers.auth -INFO - Refresh token attempt
auth.py 2025-10-31 13:54:09,210 - app.routers.auth -INFO - Refresh token attempt
auth.py 2025-10-31 13:54:09,244 - app.routers.auth -INFO - Access token refreshed successfully
auth.py 2025-10-31 15:50:42,065 - app.routers.auth -INFO - User login attempt: test1@example.com
auth.py 2025-10-31 15:50:44,036 - app.routers.auth -INFO - User logged in successfully with email: test1@example.com
auth.py 2025-10-31 15:51:36,950 - app.routers.auth -INFO - Refresh token attempt
auth.py 2025-10-31 15:56:04,205 - app.routers.auth -INFO - Refresh token attempt
auth.py 2025-10-31 15:59:03,660 - app.routers.auth -INFO - Refresh token attempt
auth.py 2025-10-31 16:04:35,712 - app.routers.auth -INFO - User login attempt: test1@example.com
auth.py 2025-10-31 16:04:37,588 - app.routers.auth -INFO - User logged in successfully with email: test1@example.com
auth.py 2025-10-31 16:05:29,950 - app.routers.auth -INFO - Refresh token attempt
auth.py 2025-10-31 16:16:28,299 - app.routers.auth -INFO - User login attempt: test1@example.com
auth.py 2025-10-31 16:23:20,570 - app.routers.auth -INFO - User login attempt: test1@example.com
auth.py 2025-10-31 16:23:24,428 - app.routers.auth -INFO - User logged in successfully with email: test1@example.com
auth.py 2025-10-31 16:24:25,704 - app.routers.auth -INFO - Refresh token attempt
auth.py 2025-10-31 16:24:25,709 - app.routers.auth -INFO - Access token refreshed successfully
auth.py 2025-10-31 16:40:42,980 - app.routers.auth -INFO - Refresh token attempt
auth.py 2025-10-31 16:40:43,064 - app.routers.auth -INFO - Access token refreshed successfully
auth.py 2025-10-31 16:49:09,086 - app.routers.auth -INFO - User login attempt: test1@example.com
auth.py 2025-10-31 16:49:10,874 - app.routers.auth -INFO - User logged in successfully with email: test1@example.com
auth.py 2025-10-31 16:50:04,303 - app.routers.auth -INFO - Refresh token attempt
auth.py 2025-10-31 16:50:04,305 - app.routers.auth -INFO - Access token refreshed successfully
auth.py 2025-10-31 16:52:49,563 - app.routers.auth -INFO - Attempting to register user with email: test2@example.com
auth.py 2025-10-31 16:52:50,326 - app.routers.auth -INFO - User registered successfully with email: test2@example.com
auth.py 2025-10-31 17:04:09,907 - app.routers.auth -INFO - User login attempt: test1@example.com
auth.py 2025-10-31 17:04:12,738 - app.routers.auth -INFO - User logged in successfully with email: test1@example.com
auth.py 2025-10-31 17:04:53,435 - app.routers.auth -INFO - Logout attempt
auth.py 2025-10-31 17:06:05,794 - app.routers.auth -INFO - Logout attempt
auth.py 2025-10-31 17:08:13,675 - app.routers.auth -INFO - Logout attempt
auth.py 2025-10-31 17:14:49,325 - app.routers.auth -INFO - Logout attempt
auth.py 2025-10-31 17:14:49,355 - app.services.auth -INFO - User with email test1@example.com logged out successfully.
auth.py 2025-10-31 17:14:49,357 - app.routers.auth -INFO - User logged out successfully
auth.py 2025-10-31 21:58:18,344 - app.routers.auth -INFO - User login attempt: test1@example.com
auth.py 2025-10-31 21:58:19,582 - app.routers.auth -INFO - User logged in successfully with email: test1@example.com
auth.py 2025-10-31 21:59:12,429 - app.routers.auth -INFO - Logout attempt
auth.py 2025-10-31 22:24:57,461 - app.routers.auth -INFO - User login attempt: test1@example.com
auth.py 2025-10-31 22:24:58,815 - app.routers.auth -INFO - User logged in successfully with email: test1@example.com
auth.py 2025-10-31 22:25:31,935 - app.routers.auth -INFO - User logout attempt: test1@example.com
auth.py 2025-10-31 22:25:31,935 - app.routers.auth -INFO - User logged out successfully: test1@example.com
auth.py 2025-10-31 22:34:27,598 - app.routers.auth -INFO - User login attempt: test1@example.com
auth.py 2025-10-31 22:34:29,479 - app.routers.auth -INFO - User logged in successfully with email: test1@example.com
auth.py 2025-10-31 22:35:20,973 - app.routers.auth -INFO - Refresh token attempt
auth.py 2025-10-31 22:35:20,978 - app.routers.auth -INFO - Access token refreshed successfully
auth.py 2025-11-01 16:20:26,627 - app.routers.auth -INFO - User login attempt: test1@example.com
auth.py 2025-11-01 16:20:28,734 - app.routers.auth -INFO - User logged in successfully with email: test1@example.com
auth.py 2025-11-01 16:24:26,610 - app.routers.auth -INFO - User login attempt: test1@example.com
auth.py 2025-11-01 16:24:28,591 - app.routers.auth -INFO - User logged in successfully with email: test1@example.com
auth.py 2025-11-01 16:37:00,452 - app.routers.auth -INFO - User login attempt: test1@example.com
auth.py 2025-11-01 16:37:02,261 - app.routers.auth -INFO - User logged in successfully with email: test1@example.com
auth.py 2025-11-01 16:38:12,025 - app.routers.auth -INFO - User login attempt: test1@example.com
auth.py 2025-11-01 16:38:13,843 - app.routers.auth -INFO - User logged in successfully with email: test1@example.com
auth.py 2025-11-01 16:58:44,295 - app.routers.auth -INFO - User login attempt: test1@example.com
auth.py 2025-11-01 16:58:45,292 - app.services.auth -WARNING - Invalid login attempt for email: test1@example.com
auth.py 2025-11-01 16:58:45,983 - app.services.auth -WARNING - Refresh token request for unknown email: test1@example.com
auth.py 2025-11-01 16:58:45,984 - app.routers.auth -WARNING - Login failed for email: test1@example.com
auth.py 2025-11-01 16:58:53,370 - app.routers.auth -INFO - User login attempt: test1@example.com
auth.py 2025-11-01 16:58:55,044 - app.routers.auth -INFO - User logged in successfully with email: test1@example.com
auth.py 2025-11-01 16:59:37,532 - app.routers.auth -INFO - Refresh token attempt
auth.py 2025-11-01 16:59:37,534 - app.routers.auth -INFO - Access token refreshed successfully
auth.py 2025-11-02 22:10:19,473 - app.routers.auth -INFO - User login attempt: test1@example.com
auth.py 2025-11-02 22:10:21,390 - app.routers.auth -INFO - User logged in successfully with email: test1@example.com
auth.py 2025-11-02 22:11:06,648 - app.routers.auth -INFO - User login attempt: test2@example.com
auth.py 2025-11-02 22:11:07,738 - app.routers.auth -INFO - User logged in successfully with email: test2@example.com
auth.py 2025-11-02 22:40:05,658 - app.routers.auth -INFO - User login attempt: test1@example.com
auth.py 2025-11-02 22:40:06,846 - app.routers.auth -INFO - User logged in successfully with email: test1@example.com
auth.py 2025-11-02 23:46:15,682 - app.routers.auth -INFO - Refresh token attempt
auth.py 2025-11-02 23:46:15,684 - app.routers.auth -INFO - Access token refreshed successfully
auth.py 2025-11-02 23:47:33,207 - app.routers.auth -INFO - User login attempt: test1@example.com
auth.py 2025-11-02 23:47:33,212 - app.services.auth -WARNING - Invalid login attempt for email: test1@example.com
auth.py 2025-11-02 23:47:33,216 - app.services.auth -WARNING - Refresh token request for unknown email: test1@example.com
auth.py 2025-11-02 23:47:33,218 - app.routers.auth -WARNING - Login failed for email: test1@example.com
auth.py 2025-11-02 23:48:51,791 - app.routers.auth -INFO - User login attempt: test1update@example.com
auth.py 2025-11-02 23:48:52,678 - app.services.auth -WARNING - Invalid login attempt for email: test1update@example.com
auth.py 2025-11-02 23:48:53,423 - app.services.auth -WARNING - Refresh token request for unknown email: test1update@example.com
auth.py 2025-11-02 23:48:53,424 - app.routers.auth -WARNING - Login failed for email: test1update@example.com
auth.py 2025-11-02 23:49:31,050 - app.routers.auth -INFO - User login attempt: test1update@example.com
auth.py 2025-11-02 23:49:32,159 - app.routers.auth -INFO - User logged in successfully with email: test1update@example.com
users.py 2025-11-02 23:59:45,078 - app.routers.users -ERROR - Error updating user tset1update@example.com: Class 'typing._AnnotatedAlias' is not mapped
users.py 2025-11-03 00:03:07,853 - app.routers.users -ERROR - Error updating user tset1update@example.com: UserService.update_user() missing 1 required positional argument: 'user_update'
users.py 2025-11-03 00:07:44,262 - app.routers.users -ERROR - Error updating user tset1update@example.com: Class 'typing._AnnotatedAlias' is not mapped
users.py 2025-11-03 00:14:01,274 - app.routers.users -ERROR - Error updating user test1update@example.com: (psycopg2.errors.UndefinedTable) invalid reference to FROM-clause entry for table "users"
LINE 1: ...email, hashed_password, role, created_at) VALUES (users.id, ...
                                                             ^
DETAIL:  There is an entry for table "users", but it cannot be referenced from this part of the query.

[SQL: INSERT INTO users (id, name, email, hashed_password, role, created_at) VALUES (users.id, %(name)s, %(email)s, %(hashed_password)s, users.role, %(created_at)s) RETURNING users.id]
[parameters: {'name': 'test1', 'email': 'test1update@example.com', 'hashed_password': '$2b$12$qSd4vEAwws4latoGwRFULeejwpkYPO..ui.Tt0kWnW9FCfo3/eHGq', 'created_at': datetime.datetime(2025, 11, 2, 23, 14, 1, 261412, tzinfo=datetime.timezone.utc)}]
(Background on this error at: https://sqlalche.me/e/20/f405)
users.py 2025-11-03 00:34:28,415 - app.routers.users -ERROR - Error updating user test1update@example.com: 'UserUpdate' object has no attribute 'hashed_password'
auth.py 2025-11-03 00:35:09,837 - app.routers.auth -INFO - Refresh token attempt
auth.py 2025-11-03 00:35:09,857 - app.routers.auth -INFO - Access token refreshed successfully
users.py 2025-11-03 00:35:43,489 - app.routers.users -ERROR - Error updating user test1update@example.com: 'UserUpdate' object has no attribute 'hashed_password'
users.py 2025-11-03 00:40:19,512 - app.routers.users -ERROR - Error updating user test1update@example.com: 'UserUpdate' object has no attribute 'hashed_password'
users.py 2025-11-03 00:54:30,593 - app.routers.users -ERROR - Error updating user test1update@example.com: 'UserUpdate' object has no attribute 'hashed_password'
users.py 2025-11-03 00:57:09,141 - app.routers.users -ERROR - Error updating user test1update@example.com: Class 'typing._AnnotatedAlias' is not mapped
users.py 2025-11-03 01:03:27,776 - app.routers.users -INFO - User updated successfully: test1update@example.com
users.py 2025-11-03 01:04:10,760 - app.routers.users -INFO - User updated successfully: test1update@example.com
auth.py 2025-11-03 16:56:45,496 - app.routers.auth -INFO - User login attempt: test1update@example.com
auth.py 2025-11-03 16:56:46,791 - app.routers.auth -INFO - User logged in successfully with email: test1update@example.com
auth.py 2025-11-03 17:09:53,225 - app.routers.auth -INFO - User login attempt: test1update@example.com
auth.py 2025-11-03 17:09:54,260 - app.routers.auth -INFO - User logged in successfully with email: test1update@example.com
services.py 2025-11-03 17:40:03,732 - app.routers.services -INFO - User test1update@example.com attempting to create a new service
services.py 2025-11-03 17:40:03,754 - app.routers.services -ERROR - Error creating service: (psycopg2.errors.DatatypeMismatch) column "is_active" is of type integer but expression is of type boolean
LINE 1: ...at) VALUES ('Massage', 'Back Massage', 30000, 30, true, '202...
                                                             ^
HINT:  You will need to rewrite or cast the expression.

[SQL: INSERT INTO services (title, description, price, duration_minutes, is_active, created_at) VALUES (%(title)s, %(description)s, %(price)s, %(duration_minutes)s, %(is_active)s, %(created_at)s) RETURNING services.id]
[parameters: {'title': 'Massage', 'description': 'Back Massage', 'price': 30000, 'duration_minutes': 30, 'is_active': True, 'created_at': datetime.datetime(2025, 11, 3, 16, 40, 3, 739983, tzinfo=datetime.timezone.utc)}]
(Background on this error at: https://sqlalche.me/e/20/f405)
auth.py 2025-11-03 19:54:20,653 - app.routers.auth -INFO - User login attempt: test1update@example.com
auth.py 2025-11-03 19:54:22,133 - app.routers.auth -INFO - User logged in successfully with email: test1update@example.com
services.py 2025-11-03 19:55:42,331 - app.routers.services -INFO - User test1update@example.com attempting to create a new service
services.py 2025-11-03 19:55:42,358 - app.routers.services -ERROR - Error creating service: 'ServiceResponse' object has no attribute 'name'
services.py 2025-11-03 20:05:42,319 - app.routers.services -INFO - Admin test1update@example.com attempting to create a new service
services.py 2025-11-03 20:05:42,332 - app.routers.services -ERROR - Error creating service: 'Service' object has no attribute 'name'
services.py 2025-11-03 20:06:24,101 - app.routers.services -INFO - Admin test1update@example.com attempting to create a new service
services.py 2025-11-03 20:06:24,114 - app.routers.services -ERROR - Error creating service: 'ServiceResponse' object has no attribute 'name'
services.py 2025-11-03 20:16:00,916 - app.routers.services -INFO - Admin test1update@example.com attempting to create a new service
services.py 2025-11-03 20:16:00,928 - app.routers.services -ERROR - Error creating service: 'ServiceResponse' object has no attribute 'name'
services.py 2025-11-03 20:22:35,861 - app.routers.services -INFO - Admin test1update@example.com attempting to create a new service
services.py 2025-11-03 20:22:35,881 - app.routers.services -INFO - Service created successfully: Massage
services.py 2025-11-03 20:35:06,314 - app.routers.services -INFO - Admin test1update@example.com attempting to create a new service
services.py 2025-11-03 20:35:06,320 - app.routers.services -INFO - Service created successfully: Dental care
auth.py 2025-11-03 20:36:40,801 - app.routers.auth -INFO - User login attempt: test2@example.com
auth.py 2025-11-03 20:36:41,796 - app.routers.auth -INFO - User logged in successfully with email: test2@example.com
auth.py 2025-11-03 20:40:58,503 - app.routers.auth -INFO - User login attempt: test1update@example.com
auth.py 2025-11-03 20:40:59,611 - app.routers.auth -INFO - User logged in successfully with email: test1update@example.com
services.py 2025-11-03 20:44:47,697 - app.routers.services -INFO - Admin test1update@example.com attempting to create a new service
services.py 2025-11-03 20:44:47,718 - app.routers.services -INFO - Service created successfully: Spa session
services.py 2025-11-03 20:54:35,791 - app.routers.services -INFO - Fetching service with ID: 1
services.py 2025-11-03 20:54:35,974 - app.routers.services -INFO - Service with ID 1 retrieved successfully
services.py 2025-11-03 20:54:50,112 - app.routers.services -INFO - Fetching service with ID: 6
services.py 2025-11-03 20:54:50,114 - app.routers.services -INFO - Service with ID 6 retrieved successfully
services.py 2025-11-03 20:54:56,461 - app.routers.services -INFO - Fetching service with ID: 4
services.py 2025-11-03 20:54:56,464 - app.routers.services -WARNING - Service with ID 4 not found
services.py 2025-11-03 22:44:03,326 - app.routers.services -INFO - Fetching service with ID: 1
services.py 2025-11-03 22:44:03,508 - app.routers.services -INFO - Service with ID 1 retrieved successfully
auth.py 2025-11-03 22:50:58,602 - app.routers.auth -INFO - User login attempt: test1update@example.com
auth.py 2025-11-03 22:50:59,683 - app.routers.auth -INFO - User logged in successfully with email: test1update@example.com
services.py 2025-11-03 22:52:40,362 - app.routers.services -INFO - Admin test1update@example.com attempting to create a new service
services.py 2025-11-03 22:52:40,375 - app.routers.services -INFO - Service created successfully: Massage
services.py 2025-11-03 22:53:01,406 - app.routers.services -INFO - Admin test1update@example.com attempting to create a new service
services.py 2025-11-03 22:53:01,412 - app.routers.services -INFO - Service created successfully: Massage
services.py 2025-11-03 22:58:39,433 - app.routers.services -INFO - Admin test1update@example.com attempting to create a new service
services.py 2025-11-03 22:58:39,440 - app.routers.services -INFO - Service created successfully: Asmir
services.py 2025-11-03 23:07:16,110 - app.routers.services -INFO - Fetching services with filters - q: Relief, price_min: None, price_max: 20000, active: None
services.py 2025-11-03 23:07:16,279 - app.routers.services -WARNING - No services found matching the criteria
services.py 2025-11-03 23:08:52,199 - app.routers.services -INFO - Fetching services with filters - q: Relief, price_min: 20000, price_max: None, active: None
services.py 2025-11-03 23:08:52,205 - app.routers.services -INFO - Retrieved 2 services successfully
services.py 2025-11-03 23:10:59,801 - app.routers.services -INFO - Admin test1update@example.com attempting to create a new service
services.py 2025-11-03 23:10:59,817 - app.routers.services -INFO - Service created successfully: Dental care
services.py 2025-11-03 23:11:14,798 - app.routers.services -INFO - Fetching services with filters - q: Dental Care, price_min: None, price_max: None, active: None
services.py 2025-11-03 23:11:14,801 - app.routers.services -INFO - Retrieved 2 services successfully
services.py 2025-11-03 23:11:51,389 - app.routers.services -INFO - Fetching services with filters - q: Dental Care, price_min: 10000, price_max: None, active: None
services.py 2025-11-03 23:11:51,393 - app.routers.services -INFO - Retrieved 2 services successfully
services.py 2025-11-03 23:12:08,011 - app.routers.services -INFO - Fetching services with filters - q: Dental Care, price_min: None, price_max: 10000, active: None
services.py 2025-11-03 23:12:08,016 - app.routers.services -WARNING - No services found matching the criteria
services.py 2025-11-03 23:12:18,719 - app.routers.services -INFO - Fetching services with filters - q: Dental Care, price_min: None, price_max: 15000, active: None
services.py 2025-11-03 23:12:18,722 - app.routers.services -WARNING - No services found matching the criteria
services.py 2025-11-03 23:12:41,261 - app.routers.services -INFO - Fetching services with filters - q: Dental Care, price_min: None, price_max: 25000, active: None
services.py 2025-11-03 23:12:41,263 - app.routers.services -INFO - Retrieved 1 services successfully
services.py 2025-11-03 23:30:45,018 - app.routers.services -INFO - Fetching services with filters - q: Dental Care, price_min: None, price_max: None, active: False
services.py 2025-11-03 23:30:45,043 - app.routers.services -WARNING - No services found matching the criteria
services.py 2025-11-03 23:30:51,855 - app.routers.services -INFO - Fetching services with filters - q: Dental Care, price_min: None, price_max: None, active: True
services.py 2025-11-03 23:30:51,867 - app.routers.services -INFO - Retrieved 2 services successfully
services.py 2025-11-03 23:36:30,233 - app.routers.services -INFO - Fetching services with filters - q: None, price_min: None, price_max: None, active: True
services.py 2025-11-03 23:43:18,652 - app.routers.services -INFO - Fetching services with filters - q: None, price_min: None, price_max: None, active: True
services.py 2025-11-03 23:43:18,707 - app.services.services -INFO - No search query provided
services.py 2025-11-03 23:46:40,771 - app.routers.services -INFO - Fetching services with filters - q: None, price_min: None, price_max: None, active: True
services.py 2025-11-03 23:46:40,843 - app.services.services -INFO - No search query provided
services.py 2025-11-03 23:46:41,169 - app.routers.services -WARNING - No services found matching the criteria
services.py 2025-11-03 23:47:02,696 - app.routers.services -INFO - Fetching services with filters - q: None, price_min: None, price_max: None, active: None
services.py 2025-11-03 23:47:02,697 - app.services.services -INFO - No search query provided
services.py 2025-11-03 23:47:02,704 - app.routers.services -WARNING - No services found matching the criteria
services.py 2025-11-03 23:47:50,708 - app.routers.services -INFO - Fetching services with filters - q: None, price_min: None, price_max: None, active: None
services.py 2025-11-03 23:51:57,295 - app.routers.services -INFO - No search query provided, fetching all services
services.py 2025-11-03 23:51:57,297 - app.routers.services -INFO - Fetching services with filters - q: None, price_min: 20000, price_max: None, active: None
services.py 2025-11-04 00:02:59,746 - app.routers.services -INFO - Fetching services with filters - q: None, price_min: 20000, price_max: None, active: None
services.py 2025-11-04 00:03:00,233 - app.routers.services -INFO - Retrieved 7 services successfully
services.py 2025-11-04 00:07:55,811 - app.routers.services -INFO - Fetching services with filters - q: None, price_min: 20000, price_max: None, active: None
services.py 2025-11-04 00:13:20,856 - app.routers.services -INFO - Fetching services with filters - q: None, price_min: 20000, price_max: None, active: None
services.py 2025-11-04 00:13:21,378 - app.routers.services -INFO - Retrieved 7 services successfully
services.py 2025-11-04 00:13:45,101 - app.routers.services -INFO - Fetching services with filters - q: massage, price_min: 20000, price_max: None, active: None
services.py 2025-11-04 00:13:45,123 - app.routers.services -INFO - Retrieved 3 services successfully
services.py 2025-11-04 00:17:59,978 - app.routers.services -INFO - Fetching services with filters - q: None, price_min: 20000, price_max: None, active: None
services.py 2025-11-04 00:18:00,076 - app.services.services -INFO - No search query provided, fetching all services
services.py 2025-11-04 00:18:00,612 - app.routers.services -WARNING - No services found matching the criteria
services.py 2025-11-04 00:19:29,476 - app.routers.services -INFO - Fetching services with filters - q: None, price_min: None, price_max: None, active: None
services.py 2025-11-04 00:19:30,017 - app.routers.services -INFO - Retrieved 7 services successfully
services.py 2025-11-04 00:29:32,521 - app.routers.services -INFO - Fetching services with filters - q: None, price_min: None, price_max: 20000, active: None
services.py 2025-11-04 00:29:32,526 - app.routers.services -INFO - Retrieved 1 services successfully
services.py 2025-11-04 00:30:26,998 - app.routers.services -INFO - Fetching services with filters - q: None, price_min: None, price_max: 50000, active: None
services.py 2025-11-04 00:30:27,002 - app.routers.services -INFO - Retrieved 5 services successfully
services.py 2025-11-04 00:31:17,416 - app.routers.services -INFO - Fetching services with filters - q: None, price_min: None, price_max: 30000, active: None
services.py 2025-11-04 00:31:17,421 - app.routers.services -INFO - Retrieved 2 services successfully
services.py 2025-11-04 00:34:44,247 - app.routers.services -INFO - Fetching services with filters - q: Dental, price_min: None, price_max: None, active: None
services.py 2025-11-04 00:34:44,260 - app.routers.services -INFO - Retrieved 2 services successfully
auth.py 2025-11-04 10:17:21,763 - app.routers.auth -INFO - User login attempt: test1update@example.com
auth.py 2025-11-04 10:17:22,864 - app.routers.auth -INFO - User logged in successfully with email: test1update@example.com
auth.py 2025-11-04 10:25:18,507 - app.routers.auth -INFO - User login attempt: test1update@example.com
auth.py 2025-11-04 10:25:19,632 - app.routers.auth -INFO - User logged in successfully with email: test1update@example.com
services.py 2025-11-04 10:27:06,818 - app.routers.services -INFO - Admin test1update@example.com attempting to update service with ID: 1
services.py 2025-11-04 10:27:06,837 - app.routers.services -INFO - Service with ID 1 updated successfully
services.py 2025-11-04 10:33:08,367 - app.routers.services -INFO - Admin test1update@example.com attempting to update service with ID: 1
services.py 2025-11-04 10:33:08,386 - app.routers.services -INFO - Service with ID 1 updated successfully
auth.py 2025-11-04 10:58:49,168 - app.routers.auth -INFO - User login attempt: test1update@example.com
auth.py 2025-11-04 10:58:51,027 - app.routers.auth -INFO - User logged in successfully with email: test1update@example.com
services.py 2025-11-04 11:00:04,312 - app.routers.services -INFO - Admin test1update@example.com attempting to update service with ID: 1
services.py 2025-11-04 11:00:04,369 - app.routers.services -INFO - Service with ID 1 updated successfully
services.py 2025-11-04 11:01:11,075 - app.routers.services -INFO - Admin test1update@example.com attempting to update service with ID: 1
services.py 2025-11-04 11:01:11,092 - app.routers.services -INFO - Service with ID 1 updated successfully
services.py 2025-11-04 11:05:38,139 - app.routers.services -INFO - Admin test1update@example.com attempting to update service with ID: 1
services.py 2025-11-04 11:05:38,153 - app.routers.services -INFO - Service with ID 1 updated successfully
services.py 2025-11-04 11:24:17,665 - app.routers.services -INFO - Admin test1update@example.com attempting to update service with ID: 1
services.py 2025-11-04 11:24:17,697 - app.routers.services -INFO - Service with ID 1 updated successfully
auth.py 2025-11-04 11:28:17,858 - app.routers.auth -INFO - User login attempt: test2@example.com
auth.py 2025-11-04 11:28:19,760 - app.routers.auth -INFO - User logged in successfully with email: test2@example.com
auth.py 2025-11-04 11:31:13,226 - app.routers.auth -INFO - User login attempt: test1update@example.com
auth.py 2025-11-04 11:31:14,707 - app.routers.auth -INFO - User logged in successfully with email: test1update@example.com
services.py 2025-11-04 11:32:07,367 - app.routers.services -INFO - Admin test1update@example.com attempting to update service with ID: 6
services.py 2025-11-04 11:32:07,417 - app.routers.services -INFO - Service with ID 6 updated successfully
users.py 2025-11-04 11:35:27,713 - app.routers.users -INFO - User updated successfully: test1update@example.com
services.py 2025-11-04 11:36:38,733 - app.routers.services -INFO - Admin test1update@example.com attempting to update service with ID: 6
services.py 2025-11-04 11:36:38,740 - app.routers.services -INFO - Service with ID 6 updated successfully
auth.py 2025-11-04 11:55:17,573 - app.routers.auth -INFO - User login attempt: testupdate@example.com
auth.py 2025-11-04 11:55:17,737 - app.services.auth -WARNING - Invalid login attempt for email: testupdate@example.com
auth.py 2025-11-04 11:55:17,740 - app.services.auth -WARNING - Refresh token request for unknown email: testupdate@example.com
auth.py 2025-11-04 11:55:17,740 - app.routers.auth -WARNING - Login failed for email: testupdate@example.com
auth.py 2025-11-04 11:55:27,662 - app.routers.auth -INFO - User login attempt: test1update@example.com
auth.py 2025-11-04 11:55:28,526 - app.routers.auth -INFO - User logged in successfully with email: test1update@example.com
services.py 2025-11-04 11:56:16,560 - app.routers.services -INFO - Admin test1update@example.com attempting to delete service with ID: 8
services.py 2025-11-04 11:56:16,602 - app.routers.services -INFO - Service with ID 8 deleted successfully
services.py 2025-11-04 11:59:40,565 - app.routers.services -INFO - Admin test1update@example.com attempting to delete service with ID: 11
services.py 2025-11-04 11:59:40,588 - app.routers.services -INFO - Service with ID 11 deleted successfully
services.py 2025-11-04 12:01:54,226 - app.routers.services -INFO - Admin test1update@example.com attempting to delete service with ID: 11
services.py 2025-11-04 12:01:54,232 - app.routers.services -WARNING - Service with ID 11 not found for deletion
services.py 2025-11-04 12:01:54,233 - app.routers.services -ERROR - Error deleting service with ID 11: 404: Service not found
services.py 2025-11-04 12:03:12,570 - app.routers.services -INFO - Admin test1update@example.com attempting to delete service with ID: 9
services.py 2025-11-04 12:03:12,588 - app.routers.services -INFO - Service with ID 9 deleted successfully
services.py 2025-11-04 12:06:44,617 - app.routers.services -INFO - Admin test1update@example.com attempting to delete service with ID: 10
services.py 2025-11-04 12:06:44,642 - app.routers.services -INFO - Service with ID 10 deleted successfully
services.py 2025-11-04 12:16:28,559 - app.routers.services -INFO - Admin test1update@example.com attempting to create a new service
services.py 2025-11-04 12:16:28,571 - app.routers.services -INFO - Service created successfully: Massage
services.py 2025-11-04 12:17:10,041 - app.routers.services -INFO - Admin test1update@example.com attempting to create a new service
services.py 2025-11-04 12:17:10,046 - app.routers.services -INFO - Service created successfully: Dental care
services.py 2025-11-04 12:19:02,811 - app.routers.services -INFO - Admin test1update@example.com attempting to create a new service
services.py 2025-11-04 12:19:02,823 - app.routers.services -INFO - Service created successfully: Knee Massage
auth.py 2025-11-04 20:20:19,403 - app.routers.auth -INFO - User login attempt: test1update@example.com
auth.py 2025-11-04 20:20:22,607 - app.routers.auth -INFO - User logged in successfully with email: test1update@example.com
auth.py 2025-11-04 20:24:19,325 - app.routers.auth -INFO - User login attempt: test2@example.com
auth.py 2025-11-04 20:24:20,762 - app.routers.auth -INFO - User logged in successfully with email: test2@example.com
auth.py 2025-11-04 20:32:07,005 - app.routers.auth -INFO - User login attempt: test2@example.com
auth.py 2025-11-04 20:32:08,636 - app.routers.auth -INFO - User logged in successfully with email: test2@example.com
bookings.py 2025-11-04 20:33:37,911 - app.routers.bookings -INFO - User test2@example.com attempting to create a new booking
bookings.py 2025-11-04 20:33:37,916 - app.routers.bookings -ERROR - Error creating booking: module 'datetime' has no attribute 'utcnow'
bookings.py 2025-11-04 20:41:21,571 - app.routers.bookings -INFO - User test2@example.com attempting to create a new booking
bookings.py 2025-11-04 20:41:21,576 - app.routers.bookings -ERROR - Error creating booking: can't compare offset-naive and offset-aware datetimes
bookings.py 2025-11-04 20:49:58,547 - app.routers.bookings -INFO - User test2@example.com attempting to create a new booking
bookings.py 2025-11-04 20:49:58,552 - app.routers.bookings -ERROR - Error creating booking: 'BookingCreate' object has no attribute 'datetime'
bookings.py 2025-11-04 20:51:47,868 - app.routers.bookings -INFO - User test2@example.com attempting to create a new booking
bookings.py 2025-11-04 20:51:47,873 - app.routers.bookings -ERROR - Error creating booking: 'BookingBase' object has no attribute 'datetime'
bookings.py 2025-11-04 21:00:58,267 - app.routers.bookings -INFO - User test2@example.com attempting to create a new booking
bookings.py 2025-11-04 21:00:58,327 - app.routers.bookings -INFO - Booking created successfully for user: test2@example.com
bookings.py 2025-11-04 21:01:27,473 - app.routers.bookings -INFO - User test2@example.com attempting to create a new booking
bookings.py 2025-11-04 21:01:27,528 - app.routers.bookings -INFO - Booking created successfully for user: test2@example.com
bookings.py 2025-11-04 21:13:29,478 - app.routers.bookings -INFO - User test2@example.com attempting to create a new booking
bookings.py 2025-11-04 21:13:29,481 - app.routers.bookings -ERROR - Error creating booking: BookingService.create_booking() missing 1 required positional argument: 'user_id'
bookings.py 2025-11-04 21:14:57,624 - app.routers.bookings -INFO - User test2@example.com attempting to create a new booking
bookings.py 2025-11-04 21:14:57,628 - app.routers.bookings -ERROR - Error creating booking: BookingService.create_booking() missing 1 required positional argument: 'user_id'
bookings.py 2025-11-04 21:15:47,088 - app.routers.bookings -INFO - User test2@example.com attempting to create a new booking
bookings.py 2025-11-04 21:15:47,091 - app.routers.bookings -ERROR - Error creating booking: BookingService.create_booking() missing 1 required positional argument: 'user_id'
auth.py 2025-11-04 23:12:35,489 - app.routers.auth -INFO - User login attempt: teest2@example.com
auth.py 2025-11-04 23:12:35,728 - app.services.auth -WARNING - Invalid login attempt for email: teest2@example.com
auth.py 2025-11-04 23:12:35,733 - app.services.auth -WARNING - Refresh token request for unknown email: teest2@example.com
auth.py 2025-11-04 23:12:35,734 - app.routers.auth -WARNING - Login failed for email: teest2@example.com
auth.py 2025-11-04 23:12:43,537 - app.routers.auth -INFO - User login attempt: test2@example.com
auth.py 2025-11-04 23:12:46,104 - app.routers.auth -INFO - User logged in successfully with email: test2@example.com
bookings.py 2025-11-04 23:15:09,153 - app.routers.bookings -INFO - User test2@example.com attempting to create a new booking
bookings.py 2025-11-04 23:15:09,261 - app.routers.bookings -INFO - Booking created successfully for user: test2@example.com
bookings.py 2025-11-04 23:15:56,209 - app.routers.bookings -INFO - User test2@example.com attempting to create a new booking
bookings.py 2025-11-04 23:15:56,226 - app.routers.bookings -INFO - Booking created successfully for user: test2@example.com
bookings.py 2025-11-04 23:28:04,383 - app.routers.bookings -INFO - User test2@example.com attempting to create a new booking
bookings.py 2025-11-04 23:28:04,520 - app.routers.bookings -INFO - Booking created successfully for user: test2@example.com
bookings.py 2025-11-04 23:28:09,571 - app.routers.bookings -INFO - User test2@example.com attempting to create a new booking
bookings.py 2025-11-04 23:28:09,578 - app.routers.bookings -ERROR - Error creating booking: 400: Service is already booked for the selected time slot
bookings.py 2025-11-04 23:36:29,983 - app.routers.bookings -INFO - User test2@example.com attempting to create a new booking
bookings.py 2025-11-04 23:36:29,990 - app.routers.bookings -ERROR - Error creating booking: 400: 400: Service is already booked for the selected time slot
bookings.py 2025-11-04 23:39:07,542 - app.routers.bookings -INFO - User test2@example.com attempting to create a new booking
bookings.py 2025-11-04 23:39:07,548 - app.routers.bookings -ERROR - Error creating booking: 400: Service is already booked for the selected time slot
bookings.py 2025-11-04 23:44:12,149 - app.routers.bookings -INFO - User test2@example.com attempting to create a new booking
bookings.py 2025-11-04 23:44:12,157 - app.routers.bookings -ERROR - Error creating booking: Service is already booked for the selected time slot
bookings.py 2025-11-04 23:45:27,119 - app.routers.bookings -INFO - User test2@example.com attempting to create a new booking
bookings.py 2025-11-04 23:45:27,147 - app.routers.bookings -INFO - Booking created successfully for user: test2@example.com
bookings.py 2025-11-04 23:48:12,573 - app.routers.bookings -INFO - User test2@example.com attempting to create a new booking
bookings.py 2025-11-04 23:48:12,583 - app.routers.bookings -ERROR - Error creating booking: You have another booking that conflicts with the selected time slot
auth.py 2025-11-04 23:50:18,880 - app.routers.auth -INFO - User login attempt: test2@example.com
auth.py 2025-11-04 23:50:19,726 - app.routers.auth -INFO - User logged in successfully with email: test2@example.com
bookings.py 2025-11-04 23:51:48,182 - app.routers.bookings -INFO - User test2@example.com attempting to create a new booking
bookings.py 2025-11-04 23:51:48,193 - app.routers.bookings -ERROR - Error creating booking: You have another booking that conflicts with the selected time slot
bookings.py 2025-11-04 23:53:08,048 - app.routers.bookings -INFO - User test2@example.com attempting to create a new booking
bookings.py 2025-11-04 23:53:08,051 - app.routers.bookings -ERROR - Error creating booking: You have another booking that conflicts with the selected time slot
bookings.py 2025-11-04 23:54:29,646 - app.routers.bookings -INFO - User test2@example.com attempting to create a new booking
bookings.py 2025-11-04 23:54:29,668 - app.routers.bookings -INFO - Booking created successfully for user: test2@example.com
bookings.py 2025-11-05 00:00:29,077 - app.routers.bookings -INFO - User test2@example.com attempting to create a new booking
bookings.py 2025-11-05 00:00:29,078 - app.routers.bookings -ERROR - Error creating booking: Start time must be in the future
bookings.py 2025-11-05 00:00:42,249 - app.routers.bookings -INFO - User test2@example.com attempting to create a new booking
bookings.py 2025-11-05 00:00:42,250 - app.routers.bookings -ERROR - Error creating booking: End time must be after start time
bookings.py 2025-11-05 00:01:06,798 - app.routers.bookings -INFO - User test2@example.com attempting to create a new booking
bookings.py 2025-11-05 00:01:06,852 - app.routers.bookings -INFO - Booking created successfully for user: test2@example.com
bookings.py 2025-11-05 00:05:14,157 - app.routers.bookings -INFO - User test2@example.com attempting to create a new booking
bookings.py 2025-11-05 00:05:14,167 - app.routers.bookings -INFO - Booking created successfully for user: test2@example.com
bookings.py 2025-11-05 00:08:58,279 - app.routers.bookings -INFO - User test2@example.com attempting to create a new booking
bookings.py 2025-11-05 00:08:58,310 - app.routers.bookings -INFO - Booking created successfully for user: test2@example.com
bookings.py 2025-11-05 00:15:47,557 - app.routers.bookings -INFO - User test2@example.com attempting to create a new booking
bookings.py 2025-11-05 00:15:47,583 - app.routers.bookings -ERROR - Error creating booking: (psycopg2.errors.ForeignKeyViolation) insert or update on table "bookings" violates foreign key constraint "bookings_service_id_fkey"
DETAIL:  Key (service_id)=(2) is not present in table "services".

[SQL: INSERT INTO bookings (user_id, service_id, start_time, end_time, status, created_at) VALUES (%(user_id)s, %(service_id)s, %(start_time)s, %(end_time)s, %(status)s, %(created_at)s) RETURNING bookings.id]
[parameters: {'user_id': 4, 'service_id': 2, 'start_time': datetime.datetime(2025, 11, 5, 13, 50, 50, 67000, tzinfo=TzInfo(0)), 'end_time': datetime.datetime(2025, 11, 5, 14, 50, 50, 67000, tzinfo=TzInfo(0)), 'status': 'pending', 'created_at': datetime.datetime(2025, 11, 4, 23, 15, 47, 570613, tzinfo=datetime.timezone.utc)}]
(Background on this error at: https://sqlalche.me/e/20/gkpj)
bookings.py 2025-11-05 00:19:10,757 - app.routers.bookings -INFO - User test2@example.com attempting to create a new booking
bookings.py 2025-11-05 00:19:10,778 - app.routers.bookings -INFO - Booking created successfully for user: test2@example.com
bookings.py 2025-11-05 00:33:52,197 - app.routers.bookings -INFO - User test2@example.com attempting to create a new booking
bookings.py 2025-11-05 00:33:52,199 - app.routers.bookings -ERROR - Error creating booking: Service is already booked for the selected time slot
bookings.py 2025-11-05 00:42:32,906 - app.routers.bookings -INFO - User test2@example.com attempting to create a new booking
bookings.py 2025-11-05 00:42:32,916 - app.routers.bookings -ERROR - Error creating booking: Service not found
auth.py 2025-11-05 10:57:00,245 - app.routers.auth -INFO - User login attempt: test1update@example.com
auth.py 2025-11-05 10:57:01,939 - app.routers.auth -INFO - User logged in successfully with email: test1update@example.com
services.py 2025-11-05 10:58:28,660 - app.routers.services -INFO - Admin test1update@example.com attempting to update service with ID: 6
services.py 2025-11-05 10:58:28,742 - app.routers.services -INFO - Service with ID 6 updated successfully
auth.py 2025-11-05 10:58:58,717 - app.routers.auth -INFO - User login attempt: test2@example.com
auth.py 2025-11-05 10:59:00,122 - app.routers.auth -INFO - User logged in successfully with email: test2@example.com
bookings.py 2025-11-05 11:00:26,503 - app.routers.bookings -INFO - User test2@example.com attempting to create a new booking
bookings.py 2025-11-05 11:00:26,521 - app.routers.bookings -ERROR - Error creating booking: Service is not active
auth.py 2025-11-05 11:13:16,471 - app.routers.auth -INFO - User login attempt: test1update@example.com
auth.py 2025-11-05 11:13:17,906 - app.routers.auth -INFO - User logged in successfully with email: test1update@example.com
services.py 2025-11-05 11:15:27,552 - app.routers.services -INFO - Admin test1update@example.com attempting to create a new service
services.py 2025-11-05 11:15:27,577 - app.routers.services -INFO - Service created successfully: Haircut
services.py 2025-11-05 11:16:57,492 - app.routers.services -INFO - Admin test1update@example.com attempting to create a new service
services.py 2025-11-05 11:16:57,500 - app.routers.services -INFO - Service created successfully: Manicure
auth.py 2025-11-05 11:20:23,808 - app.routers.auth -INFO - User login attempt: test2e@example.com
auth.py 2025-11-05 11:20:23,813 - app.services.auth -WARNING - Invalid login attempt for email: test2e@example.com
auth.py 2025-11-05 11:20:23,816 - app.services.auth -WARNING - Refresh token request for unknown email: test2e@example.com
auth.py 2025-11-05 11:20:23,821 - app.routers.auth -WARNING - Login failed for email: test2e@example.com
auth.py 2025-11-05 11:20:35,868 - app.routers.auth -INFO - User login attempt: test2@example.com
auth.py 2025-11-05 11:20:37,272 - app.routers.auth -INFO - User logged in successfully with email: test2@example.com
bookings.py 2025-11-05 11:26:55,465 - app.routers.bookings -INFO - User test2@example.com attempting to create a new booking
bookings.py 2025-11-05 11:26:55,657 - app.routers.bookings -INFO - Booking created successfully for user: test2@example.com
bookings.py 2025-11-05 11:29:22,210 - app.routers.bookings -INFO - User test2@example.com attempting to create a new booking
bookings.py 2025-11-05 11:29:22,242 - app.routers.bookings -ERROR - Error creating booking: You have another booking that conflicts with the selected time slot
bookings.py 2025-11-05 11:30:09,533 - app.routers.bookings -INFO - User test2@example.com attempting to create a new booking
bookings.py 2025-11-05 11:30:09,548 - app.routers.bookings -ERROR - Error creating booking: You have another booking that conflicts with the selected time slot
bookings.py 2025-11-05 11:31:29,522 - app.routers.bookings -INFO - User test2@example.com attempting to create a new booking
bookings.py 2025-11-05 11:31:29,545 - app.routers.bookings -ERROR - Error creating booking: You have another booking that conflicts with the selected time slot
auth.py 2025-11-05 11:33:23,927 - app.routers.auth -INFO - Attempting to register user with email: test3@example.com
auth.py 2025-11-05 11:33:24,627 - app.routers.auth -INFO - User registered successfully with email: test3@example.com
auth.py 2025-11-05 11:34:00,813 - app.routers.auth -INFO - User login attempt: test3@example.com
auth.py 2025-11-05 11:34:02,730 - app.routers.auth -INFO - User logged in successfully with email: test3@example.com
bookings.py 2025-11-05 11:36:04,193 - app.routers.bookings -INFO - User test3@example.com attempting to create a new booking
bookings.py 2025-11-05 11:36:04,216 - app.routers.bookings -ERROR - Error creating booking: Service is already booked for the selected time slot
bookings.py 2025-11-05 11:37:44,184 - app.routers.bookings -INFO - User test3@example.com attempting to create a new booking
bookings.py 2025-11-05 11:37:44,242 - app.routers.bookings -INFO - Booking created successfully for user: test3@example.com
bookings.py 2025-11-05 11:39:19,790 - app.routers.bookings -INFO - User test3@example.com attempting to create a new booking
bookings.py 2025-11-05 11:39:19,823 - app.routers.bookings -ERROR - Error creating booking: You have another booking that conflicts with the selected time slot
auth.py 2025-11-05 12:44:25,151 - app.routers.auth -INFO - User login attempt: test2update@example.com
auth.py 2025-11-05 12:44:25,297 - app.services.auth -WARNING - Invalid login attempt for email: test2update@example.com
auth.py 2025-11-05 12:44:25,299 - app.services.auth -WARNING - Refresh token request for unknown email: test2update@example.com
auth.py 2025-11-05 12:44:25,300 - app.routers.auth -WARNING - Login failed for email: test2update@example.com
auth.py 2025-11-05 12:45:05,309 - app.routers.auth -INFO - User login attempt: test1update@example.com
auth.py 2025-11-05 12:45:06,167 - app.routers.auth -INFO - User logged in successfully with email: test1update@example.com
bookings.py 2025-11-05 12:50:21,256 - app.routers.bookings -ERROR - Error fetching bookings: 'str' object has no attribute 'value'
bookings.py 2025-11-05 12:50:56,974 - app.routers.bookings -INFO - Admin test1update@example.com fetching all bookings
bookings.py 2025-11-05 12:50:56,981 - app.routers.bookings -ERROR - Error fetching bookings: (psycopg2.errors.UndefinedFunction) operator does not exist: integer ~~* unknown
LINE 3: WHERE users.id ILIKE '%4%' OR users.email ILIKE '%4%' OR ser...
                       ^
HINT:  No operator matches the given name and argument types. You might need to add explicit type casts.

[SQL: SELECT bookings.id AS bookings_id, bookings.user_id AS bookings_user_id, bookings.service_id AS bookings_service_id, bookings.start_time AS bookings_start_time, bookings.end_time AS bookings_end_time, bookings.status AS bookings_status, bookings.created_at AS bookings_created_at 
FROM bookings JOIN users ON users.id = bookings.user_id JOIN services ON services.id = bookings.service_id 
WHERE users.id ILIKE %(id_1)s OR users.email ILIKE %(email_1)s OR services.title ILIKE %(title_1)s OR services.description ILIKE %(description_1)s]
[parameters: {'id_1': '%4%', 'email_1': '%4%', 'title_1': '%4%', 'description_1': '%4%'}]
(Background on this error at: https://sqlalche.me/e/20/f405)
bookings.py 2025-11-05 12:58:02,643 - app.routers.bookings -INFO - Admin test1update@example.com fetching all bookings
bookings.py 2025-11-05 12:58:17,359 - app.routers.bookings -INFO - Admin test1update@example.com fetching all bookings
bookings.py 2025-11-05 13:00:37,365 - app.routers.bookings -INFO - Admin test1update@example.com fetching all bookings
bookings.py 2025-11-05 13:01:22,285 - app.routers.bookings -INFO - Admin test1update@example.com fetching all bookings
auth.py 2025-11-05 13:02:07,963 - app.routers.auth -INFO - User login attempt: test2@example.com
auth.py 2025-11-05 13:02:08,776 - app.routers.auth -INFO - User logged in successfully with email: test2@example.com
auth.py 2025-11-05 13:02:38,406 - app.routers.auth -INFO - User login attempt: test2@example.com
auth.py 2025-11-05 13:02:38,754 - app.services.auth -WARNING - Invalid login attempt for email: test2@example.com
auth.py 2025-11-05 13:02:39,100 - app.services.auth -WARNING - Refresh token request for unknown email: test2@example.com
auth.py 2025-11-05 13:02:39,100 - app.routers.auth -WARNING - Login failed for email: test2@example.com
auth.py 2025-11-05 13:02:48,528 - app.routers.auth -INFO - User login attempt: test2@example.com
auth.py 2025-11-05 13:02:49,162 - app.routers.auth -INFO - User logged in successfully with email: test2@example.com
bookings.py 2025-11-05 13:04:16,189 - app.routers.bookings -INFO - User test2@example.com fetching their bookings
bookings.py 2025-11-05 13:04:30,379 - app.routers.bookings -INFO - User test2@example.com fetching their bookings
bookings.py 2025-11-05 13:04:41,298 - app.routers.bookings -INFO - User test2@example.com fetching their bookings
bookings.py 2025-11-05 13:06:33,962 - app.routers.bookings -INFO - User test2@example.com fetching their bookings
bookings.py 2025-11-05 13:07:40,024 - app.routers.bookings -INFO - User test2@example.com fetching their bookings
auth.py 2025-11-05 13:08:12,326 - app.routers.auth -INFO - User login attempt: test1update@example.com
auth.py 2025-11-05 13:08:13,027 - app.routers.auth -INFO - User logged in successfully with email: test1update@example.com
bookings.py 2025-11-05 13:08:37,512 - app.routers.bookings -INFO - Admin test1update@example.com fetching all bookings
bookings.py 2025-11-05 13:14:29,752 - app.routers.bookings -INFO - Admin test1update@example.com fetching all bookings
auth.py 2025-11-05 14:00:43,636 - app.routers.auth -INFO - User login attempt: test1update@example.com
auth.py 2025-11-05 14:00:45,268 - app.routers.auth -INFO - User logged in successfully with email: test1update@example.com
bookings.py 2025-11-05 14:01:33,952 - app.routers.bookings -INFO - Booking with ID 14 retrieved successfully
auth.py 2025-11-05 21:14:17,742 - app.routers.auth -INFO - User login attempt: test1update@example.com
auth.py 2025-11-05 21:14:19,403 - app.routers.auth -INFO - User logged in successfully with email: test1update@example.com
bookings.py 2025-11-05 21:15:09,926 - app.routers.bookings -INFO - fetching booking with ID: {booking_id}
bookings.py 2025-11-05 21:15:09,939 - app.routers.bookings -INFO - Booking with ID 5 retrieved successfully
bookings.py 2025-11-05 21:17:06,005 - app.routers.bookings -INFO - fetching booking with ID: {booking_id}
bookings.py 2025-11-05 21:17:06,023 - app.routers.bookings -INFO - Booking with ID 5 retrieved successfully
bookings.py 2025-11-05 21:17:53,615 - app.routers.bookings -INFO - fetching booking with ID: {booking_id}
bookings.py 2025-11-05 21:17:53,635 - app.routers.bookings -INFO - Booking with ID 14 retrieved successfully
auth.py 2025-11-05 21:18:19,870 - app.routers.auth -INFO - User login attempt: test2@example.com
auth.py 2025-11-05 21:18:21,539 - app.routers.auth -INFO - User logged in successfully with email: test2@example.com
bookings.py 2025-11-05 21:19:05,762 - app.routers.bookings -INFO - fetching booking with ID: {booking_id}
bookings.py 2025-11-05 21:19:05,766 - app.routers.bookings -INFO - Booking with ID 10 retrieved successfully
bookings.py 2025-11-05 21:19:16,938 - app.routers.bookings -INFO - fetching booking with ID: {booking_id}
bookings.py 2025-11-05 21:19:16,941 - app.routers.bookings -INFO - Booking with ID 5 retrieved successfully
bookings.py 2025-11-05 21:19:27,842 - app.routers.bookings -INFO - fetching booking with ID: {booking_id}
bookings.py 2025-11-05 21:19:27,845 - app.routers.bookings -WARNING - User test2@example.com unauthorized to access booking ID 14
bookings.py 2025-11-05 21:22:42,601 - app.routers.bookings -INFO - fetching booking with ID: {booking_id}
bookings.py 2025-11-05 21:22:42,604 - app.routers.bookings -INFO - Booking with ID 12 retrieved successfully
auth.py 2025-11-06 00:05:09,973 - app.routers.auth -INFO - User login attempt: test1update@example.com
auth.py 2025-11-06 00:05:12,594 - app.routers.auth -INFO - User logged in successfully with email: test1update@example.com
bookings.py 2025-11-06 00:06:59,911 - app.routers.bookings -INFO - Attempting to update booking with ID: 5
bookings.py 2025-11-06 00:07:00,001 - app.routers.bookings -INFO - Admin test1update@example.com updated booking ID 5 successfully
bookings.py 2025-11-06 00:10:27,469 - app.routers.bookings -INFO - Attempting to update booking with ID: 10
bookings.py 2025-11-06 00:10:27,480 - app.routers.bookings -INFO - Admin test1update@example.com updated booking ID 10 successfully
auth.py 2025-11-06 00:12:58,554 - app.routers.auth -INFO - User login attempt: test2@example.com
auth.py 2025-11-06 00:13:00,541 - app.routers.auth -INFO - User logged in successfully with email: test2@example.com
bookings.py 2025-11-06 00:19:01,866 - app.routers.bookings -INFO - Attempting to update booking with ID: 12
bookings.py 2025-11-06 00:19:01,871 - app.routers.bookings -ERROR - Error updating booking: 403: Users can only cancel their bookings
bookings.py 2025-11-06 00:21:03,128 - app.routers.bookings -INFO - Attempting to update booking with ID: 12
bookings.py 2025-11-06 00:21:03,138 - app.routers.bookings -ERROR - Error updating booking: 403: Users can only cancel their bookings
auth.py 2025-11-06 00:22:25,360 - app.routers.auth -INFO - User login attempt: test2@example.com
auth.py 2025-11-06 00:22:26,711 - app.services.auth -WARNING - Invalid login attempt for email: test2@example.com
auth.py 2025-11-06 00:22:27,768 - app.services.auth -WARNING - Refresh token request for unknown email: test2@example.com
auth.py 2025-11-06 00:22:27,770 - app.routers.auth -WARNING - Login failed for email: test2@example.com
auth.py 2025-11-06 00:23:35,274 - app.routers.auth -INFO - User login attempt: test2@example.com
auth.py 2025-11-06 00:23:37,045 - app.routers.auth -INFO - User logged in successfully with email: test2@example.com
bookings.py 2025-11-06 00:25:12,348 - app.routers.bookings -INFO - Attempting to update booking with ID: 12
bookings.py 2025-11-06 00:25:12,372 - app.routers.bookings -ERROR - Error updating booking: 403: Users can only cancel their bookings
bookings.py 2025-11-06 00:37:55,496 - app.routers.bookings -INFO - Attempting to update booking with ID: 12
bookings.py 2025-11-06 00:37:55,542 - app.routers.bookings -INFO - User test2@example.com updated booking ID 12 successfully
bookings.py 2025-11-06 00:40:43,012 - app.routers.bookings -INFO - Attempting to update booking with ID: 13
bookings.py 2025-11-06 00:40:43,022 - app.routers.bookings -INFO - User test2@example.com updated booking ID 13 successfully
bookings.py 2025-11-06 00:43:47,340 - app.routers.bookings -INFO - Attempting to update booking with ID: 13
bookings.py 2025-11-06 00:43:47,370 - app.routers.bookings -INFO - User test2@example.com updated booking ID 13 successfully
bookings.py 2025-11-06 00:48:34,659 - app.routers.bookings -INFO - Attempting to update booking with ID: 14
bookings.py 2025-11-06 00:48:34,665 - app.routers.bookings -WARNING - User test2@example.com unauthorized to update booking ID 14
bookings.py 2025-11-06 00:48:34,669 - app.routers.bookings -ERROR - Error updating booking: 403: Unauthorized to update this booking
bookings.py 2025-11-06 00:50:32,170 - app.routers.bookings -INFO - Attempting to update booking with ID: 14
bookings.py 2025-11-06 00:50:32,176 - app.routers.bookings -WARNING - User test2@example.com unauthorized to update booking ID 14
bookings.py 2025-11-06 00:50:32,178 - app.routers.bookings -ERROR - Error creating booking: Unauthorized to update this booking
auth.py 2025-11-06 01:02:27,685 - app.routers.auth -INFO - User login attempt: test3@example.com
auth.py 2025-11-06 01:02:29,406 - app.routers.auth -INFO - User logged in successfully with email: test3@example.com
bookings.py 2025-11-06 01:03:26,684 - app.routers.bookings -INFO - Attempting to update booking with ID: 14
bookings.py 2025-11-06 01:03:26,724 - app.routers.bookings -INFO - User test3@example.com updated booking ID 14 successfully
bookings.py 2025-11-06 01:06:55,079 - app.routers.bookings -INFO - Attempting to update booking with ID: 12
bookings.py 2025-11-06 01:06:55,083 - app.routers.bookings -WARNING - User test3@example.com unauthorized to update booking ID 12
bookings.py 2025-11-06 01:06:55,085 - app.routers.bookings -ERROR - Error creating booking: Unauthorized to update this booking
auth.py 2025-11-06 01:25:18,089 - app.routers.auth -INFO - User login attempt: test1update@example.com
auth.py 2025-11-06 01:25:18,738 - app.routers.auth -INFO - User logged in successfully with email: test1update@example.com
services.py 2025-11-06 01:26:04,343 - app.routers.services -INFO - Admin test1update@example.com attempting to delete service with ID: 5
services.py 2025-11-06 01:26:04,350 - app.routers.services -WARNING - Service with ID 5 not found for deletion
services.py 2025-11-06 01:26:04,351 - app.routers.services -ERROR - Error deleting service with ID 5: 404: Service not found
auth.py 2025-11-06 01:28:48,103 - app.routers.auth -INFO - User login attempt: test2@example.com
auth.py 2025-11-06 01:28:48,750 - app.routers.auth -INFO - User logged in successfully with email: test2@example.com
bookings.py 2025-11-06 01:31:24,794 - app.routers.bookings -INFO - User test2@example.com attempting to create a new booking
bookings.py 2025-11-06 01:31:24,821 - app.routers.bookings -INFO - Booking created successfully for user: test2@example.com
bookings.py 2025-11-06 01:34:03,581 - app.routers.bookings -INFO - User test2@example.com attempting to create a new booking
bookings.py 2025-11-06 01:34:03,589 - app.routers.bookings -ERROR - Error creating booking: You have another booking that conflicts with the selected time slot
bookings.py 2025-11-06 01:34:25,201 - app.routers.bookings -INFO - User test2@example.com attempting to create a new booking
bookings.py 2025-11-06 01:34:25,207 - app.routers.bookings -ERROR - Error creating booking: You have another booking that conflicts with the selected time slot
bookings.py 2025-11-06 01:34:31,433 - app.routers.bookings -INFO - User test2@example.com attempting to create a new booking
bookings.py 2025-11-06 01:34:31,546 - app.routers.bookings -ERROR - Error creating booking: You have another booking that conflicts with the selected time slot
bookings.py 2025-11-06 01:36:55,226 - app.routers.bookings -INFO - User test2@example.com attempting to create a new booking
bookings.py 2025-11-06 01:36:55,236 - app.routers.bookings -INFO - Booking created successfully for user: test2@example.com
auth.py 2025-11-06 01:37:31,219 - app.routers.auth -INFO - User login attempt: test3@example.com
auth.py 2025-11-06 01:37:31,891 - app.routers.auth -INFO - User logged in successfully with email: test3@example.com
bookings.py 2025-11-06 01:38:10,570 - app.routers.bookings -INFO - User test3@example.com attempting to create a new booking
bookings.py 2025-11-06 01:38:10,592 - app.routers.bookings -ERROR - Error creating booking: Service is already booked for the selected time slot
bookings.py 2025-11-06 01:38:50,161 - app.routers.bookings -INFO - User test3@example.com attempting to create a new booking
bookings.py 2025-11-06 01:38:50,178 - app.routers.bookings -ERROR - Error creating booking: Service is already booked for the selected time slot
bookings.py 2025-11-06 01:39:31,995 - app.routers.bookings -INFO - User test3@example.com attempting to create a new booking
bookings.py 2025-11-06 01:39:32,015 - app.routers.bookings -ERROR - Error creating booking: A service is already booked for the selected time slot
bookings.py 2025-11-06 01:41:08,152 - app.routers.bookings -INFO - User test3@example.com attempting to create a new booking
bookings.py 2025-11-06 01:41:08,173 - app.routers.bookings -INFO - Booking created successfully for user: test3@example.com
bookings.py 2025-11-06 01:42:57,318 - app.routers.bookings -INFO - User test3@example.com attempting to create a new booking
bookings.py 2025-11-06 01:42:57,319 - app.routers.bookings -ERROR - Error creating booking: can't compare offset-naive and offset-aware datetimes
bookings.py 2025-11-06 01:43:28,517 - app.routers.bookings -INFO - User test3@example.com attempting to create a new booking
bookings.py 2025-11-06 01:43:28,528 - app.routers.bookings -INFO - Booking created successfully for user: test3@example.com
bookings.py 2025-11-06 01:46:04,354 - app.routers.bookings -INFO - Attempting to update booking with ID: 18
bookings.py 2025-11-06 01:46:04,357 - app.routers.bookings -ERROR - Error creating booking: Users can only cancel their bookings
bookings.py 2025-11-06 01:50:33,160 - app.routers.bookings -INFO - Attempting to update booking with ID: 18
bookings.py 2025-11-06 01:50:33,167 - app.routers.bookings -ERROR - Error creating booking: Users can only cancel their bookings
bookings.py 2025-11-06 01:56:59,277 - app.routers.bookings -INFO - Attempting to update booking with ID: 18
bookings.py 2025-11-06 01:56:59,304 - app.routers.bookings -INFO - User test3@example.com updated booking ID 18 successfully
bookings.py 2025-11-06 02:04:39,831 - app.routers.bookings -INFO - Attempting to update booking with ID: 16
bookings.py 2025-11-06 02:04:39,833 - app.routers.bookings -WARNING - User test3@example.com unauthorized to update booking ID 16
bookings.py 2025-11-06 02:04:39,834 - app.routers.bookings -ERROR - Error creating booking: Unauthorized to update this booking
auth.py 2025-11-06 12:43:35,752 - app.routers.auth -INFO - User login attempt: test3@example.com
auth.py 2025-11-06 12:43:37,425 - app.routers.auth -INFO - User logged in successfully with email: test3@example.com
bookings.py 2025-11-06 12:46:19,641 - app.routers.bookings -INFO - Attempting to update booking with ID: 18
bookings.py 2025-11-06 12:46:19,789 - app.routers.bookings -INFO - User test3@example.com updated booking ID 18 successfully
bookings.py 2025-11-06 12:47:14,745 - app.routers.bookings -INFO - Attempting to update booking with ID: 16
bookings.py 2025-11-06 12:47:14,748 - app.routers.bookings -WARNING - User test3@example.com unauthorized to update booking ID 16
bookings.py 2025-11-06 12:47:14,749 - app.routers.bookings -ERROR - Error creating booking: Unauthorized to update this booking
auth.py 2025-11-06 12:54:42,375 - app.routers.auth -INFO - User login attempt: test2@example.com
auth.py 2025-11-06 12:54:43,087 - app.routers.auth -INFO - User logged in successfully with email: test2@example.com
bookings.py 2025-11-06 12:57:43,469 - app.routers.bookings -INFO - Attempting to update booking with ID: 15
bookings.py 2025-11-06 12:57:43,485 - app.routers.bookings -INFO - User test2@example.com updated booking ID 15 successfully
bookings.py 2025-11-06 13:02:40,493 - app.routers.bookings -INFO - Attempting to update booking with ID: 15
bookings.py 2025-11-06 13:02:40,495 - app.routers.bookings -ERROR - Error creating booking: Users can only cancel their bookings
bookings.py 2025-11-06 13:04:03,016 - app.routers.bookings -INFO - Attempting to update booking with ID: 16
bookings.py 2025-11-06 13:04:03,023 - app.routers.bookings -ERROR - Error creating booking: You have another booking that conflicts with the selected time slot
auth.py 2025-11-06 13:04:31,175 - app.routers.auth -INFO - User login attempt: test1update@example.com
auth.py 2025-11-06 13:04:31,889 - app.routers.auth -INFO - User logged in successfully with email: test1update@example.com
bookings.py 2025-11-06 13:05:55,497 - app.routers.bookings -INFO - Attempting to update booking with ID: 16
bookings.py 2025-11-06 13:05:55,505 - app.routers.bookings -INFO - Admin test1update@example.com updated booking ID 16 successfully
bookings.py 2025-11-06 13:08:48,141 - app.routers.bookings -INFO - Attempting to update booking with ID: 12
bookings.py 2025-11-06 13:08:48,149 - app.routers.bookings -INFO - Admin test1update@example.com updated booking ID 12 successfully
bookings.py 2025-11-06 13:13:12,229 - app.routers.bookings -INFO - Attempting to update booking with ID: 18
bookings.py 2025-11-06 13:13:12,230 - app.routers.bookings -ERROR - Error creating booking: Status is required for admin update
bookings.py 2025-11-06 13:14:26,153 - app.routers.bookings -INFO - Attempting to update booking with ID: 18
bookings.py 2025-11-06 13:14:26,162 - app.routers.bookings -INFO - Admin test1update@example.com updated booking ID 18 successfully
bookings.py 2025-11-06 13:15:08,730 - app.routers.bookings -INFO - Attempting to update booking with ID: 15
bookings.py 2025-11-06 13:15:08,743 - app.routers.bookings -INFO - Admin test1update@example.com updated booking ID 15 successfully
bookings.py 2025-11-06 13:15:52,009 - app.routers.bookings -INFO - Attempting to update booking with ID: 20
bookings.py 2025-11-06 13:15:52,011 - app.routers.bookings -WARNING - Booking with ID 20 not found for update
bookings.py 2025-11-06 13:15:52,012 - app.routers.bookings -ERROR - Error creating booking: Booking not found
bookings.py 2025-11-06 13:17:32,868 - app.routers.bookings -INFO - Attempting to update booking with ID: 56
bookings.py 2025-11-06 13:17:32,870 - app.routers.bookings -WARNING - Booking with ID 56 not found for update
bookings.py 2025-11-06 13:17:32,871 - app.routers.bookings -ERROR - Error creating booking: Booking not found
bookings.py 2025-11-06 13:17:43,393 - app.routers.bookings -INFO - Attempting to update booking with ID: 17
bookings.py 2025-11-06 13:17:43,399 - app.routers.bookings -INFO - Admin test1update@example.com updated booking ID 17 successfully
auth.py 2025-11-06 13:23:04,685 - app.routers.auth -INFO - User login attempt: test1update@example.com
auth.py 2025-11-06 13:23:05,742 - app.routers.auth -INFO - User logged in successfully with email: test1update@example.com
bookings.py 2025-11-06 13:24:40,273 - app.routers.bookings -INFO - Attempting to update booking with ID: 16
bookings.py 2025-11-06 13:24:40,346 - app.routers.bookings -INFO - Admin test1update@example.com updated booking ID 16 successfully
auth.py 2025-11-06 13:25:17,572 - app.routers.auth -INFO - User login attempt: test2@example.com
auth.py 2025-11-06 13:25:18,334 - app.routers.auth -INFO - User logged in successfully with email: test2@example.com
bookings.py 2025-11-06 13:27:32,460 - app.routers.bookings -INFO - Attempting to update booking with ID: 16
bookings.py 2025-11-06 13:27:32,462 - app.routers.bookings -ERROR - Error creating booking: Only pending or confirmed bookings can be modified
auth.py 2025-11-06 14:47:20,328 - app.routers.auth -INFO - User login attempt: test1update@example.com
auth.py 2025-11-06 14:47:22,102 - app.routers.auth -INFO - User logged in successfully with email: test1update@example.com
bookings.py 2025-11-06 14:48:08,456 - app.routers.bookings -INFO - Attempting to delete booking with ID: 5
bookings.py 2025-11-06 14:48:08,502 - app.routers.bookings -INFO - Booking with ID 5 deleted successfully by admin test1update@example.com
bookings.py 2025-11-06 14:51:22,243 - app.routers.bookings -INFO - Attempting to delete booking with ID: 10
bookings.py 2025-11-06 14:51:22,278 - app.routers.bookings -INFO - Booking with ID 10 deleted successfully by admin test1update@example.com
bookings.py 2025-11-06 14:53:33,535 - app.routers.bookings -INFO - Attempting to delete booking with ID: 13
bookings.py 2025-11-06 14:53:33,567 - app.routers.bookings -INFO - Booking with ID 13 deleted successfully by admin test1update@example.com
auth.py 2025-11-06 14:55:11,199 - app.routers.auth -INFO - User login attempt: test3@example.com
auth.py 2025-11-06 14:55:12,715 - app.routers.auth -INFO - User logged in successfully with email: test3@example.com
bookings.py 2025-11-06 14:55:55,650 - app.routers.bookings -INFO - Attempting to delete booking with ID: 16
bookings.py 2025-11-06 14:55:55,661 - app.routers.bookings -WARNING - User test3@example.com unauthorized to delete booking ID 16
bookings.py 2025-11-06 14:55:55,662 - app.routers.bookings -ERROR - Error creating booking: Unauthorized to delete this booking
bookings.py 2025-11-06 14:56:15,341 - app.routers.bookings -INFO - Attempting to delete booking with ID: 18
bookings.py 2025-11-06 14:56:15,345 - app.routers.bookings -ERROR - Error creating booking: Cannot delete past or ongoing bookings
bookings.py 2025-11-06 14:56:48,071 - app.routers.bookings -INFO - Attempting to delete booking with ID: 14
bookings.py 2025-11-06 14:56:48,076 - app.routers.bookings -ERROR - Error creating booking: Cannot delete past or ongoing bookings
bookings.py 2025-11-06 14:58:03,525 - app.routers.bookings -INFO - Attempting to delete booking with ID: 17
bookings.py 2025-11-06 14:58:03,553 - app.routers.bookings -INFO - Booking with ID  17 deleted successfully by user test3@example.com
auth.py 2025-11-06 14:59:20,255 - app.routers.auth -INFO - User login attempt: test1update@example.com
auth.py 2025-11-06 14:59:20,947 - app.routers.auth -INFO - User logged in successfully with email: test1update@example.com
bookings.py 2025-11-06 15:00:24,943 - app.routers.bookings -INFO - Attempting to update booking with ID: 18
bookings.py 2025-11-06 15:00:24,951 - app.routers.bookings -INFO - Admin test1update@example.com updated booking ID 18 successfully
auth.py 2025-11-06 18:42:58,052 - app.routers.auth -INFO - User login attempt: test1update@example.com
auth.py 2025-11-06 18:43:00,204 - app.routers.auth -INFO - User logged in successfully with email: test1update@example.com
auth.py 2025-11-06 18:45:36,488 - app.routers.auth -INFO - User login attempt: test2@example.com
auth.py 2025-11-06 18:45:37,898 - app.routers.auth -INFO - User logged in successfully with email: test2@example.com
reviews.py 2025-11-06 18:46:26,161 - app.routers.reviews -INFO - User test2@example.com attempting to drop a review
reviews.py 2025-11-06 18:46:26,176 - app.routers.reviews -ERROR - Error creating booking: You can only review your own bookings
reviews.py 2025-11-06 18:47:11,412 - app.routers.reviews -INFO - User test2@example.com attempting to drop a review
reviews.py 2025-11-06 18:47:11,459 - app.routers.reviews -INFO - Review creation was successful for user: test2@example.com
reviews.py 2025-11-06 18:49:26,580 - app.routers.reviews -INFO - User test2@example.com attempting to drop a review
reviews.py 2025-11-06 18:49:26,583 - app.routers.reviews -ERROR - Error creating booking: Booking not found
reviews.py 2025-11-06 18:50:30,480 - app.routers.reviews -INFO - User test2@example.com attempting to drop a review
reviews.py 2025-11-06 18:50:30,486 - app.routers.reviews -ERROR - Error creating booking: You can only review completed bookings
reviews.py 2025-11-06 18:51:07,015 - app.routers.reviews -INFO - User test2@example.com attempting to drop a review
reviews.py 2025-11-06 18:51:07,020 - app.routers.reviews -ERROR - Error creating booking: You have already reviewed this booking
auth.py 2025-11-06 21:58:48,216 - app.routers.auth -INFO - User login attempt: test1update@example.com
auth.py 2025-11-06 21:58:49,337 - app.routers.auth -INFO - User logged in successfully with email: test1update@example.com
bookings.py 2025-11-06 22:00:04,208 - app.routers.bookings -INFO - Attempting to update booking with ID: 15
bookings.py 2025-11-06 22:00:04,229 - app.routers.bookings -INFO - Admin test1update@example.com updated booking ID 15 successfully
auth.py 2025-11-06 22:00:21,971 - app.routers.auth -INFO - User login attempt: test2@example.com
auth.py 2025-11-06 22:00:22,688 - app.routers.auth -INFO - User logged in successfully with email: test2@example.com
reviews.py 2025-11-06 22:02:01,377 - app.routers.reviews -INFO - User test2@example.com attempting to drop a review
reviews.py 2025-11-06 22:02:01,396 - app.routers.reviews -INFO - Review creation was successful for user: test2@example.com
reviews.py 2025-11-06 22:03:14,332 - app.routers.reviews -INFO - Fetching reviews with service ID: 13
reviews.py 2025-11-06 22:03:14,350 - app.routers.reviews -INFO - Retrieved 2 reviews successfully
reviews.py 2025-11-06 22:08:06,875 - app.routers.reviews -INFO - Fetching reviews with service ID: 7
reviews.py 2025-11-06 22:08:06,879 - app.routers.reviews -WARNING - Reviews for service with ID 7 not found
reviews.py 2025-11-06 22:08:06,880 - app.routers.reviews -ERROR - Error fetching reviews: Review not found
reviews.py 2025-11-06 22:08:21,888 - app.routers.reviews -INFO - Fetching reviews with service ID: 12
reviews.py 2025-11-06 22:08:21,891 - app.routers.reviews -WARNING - Reviews for service with ID 12 not found
reviews.py 2025-11-06 22:08:21,892 - app.routers.reviews -ERROR - Error fetching reviews: Review not found
reviews.py 2025-11-06 22:21:18,758 - app.routers.reviews -INFO - Fetching reviews with service ID: 13
reviews.py 2025-11-06 22:21:18,937 - app.routers.reviews -INFO - Retrieved 2 reviews successfully
auth.py 2025-11-07 01:53:43,628 - app.routers.auth -INFO - User login attempt: test3@example.com
auth.py 2025-11-07 01:53:44,847 - app.routers.auth -INFO - User logged in successfully with email: test3@example.com
reviews.py 2025-11-07 01:57:14,809 - app.routers.reviews -INFO - User test3@example.com attempting to drop a review
reviews.py 2025-11-07 01:57:14,860 - app.routers.reviews -INFO - Review creation was successful for user: test3@example.com
reviews.py 2025-11-07 01:57:40,591 - app.routers.reviews -INFO - Fetching reviews with service ID: 1
reviews.py 2025-11-07 01:57:40,610 - app.routers.reviews -INFO - Retrieved 1 reviews successfully
reviews.py 2025-11-07 01:58:47,925 - app.routers.reviews -INFO - User test3@example.com attempting to update review 2
reviews.py 2025-11-07 01:58:47,929 - app.routers.reviews -ERROR - Error updating review 2: ServiceReview.update_review() got an unexpected keyword argument 'review_update'
reviews.py 2025-11-07 02:02:07,493 - app.routers.reviews -INFO - User test3@example.com attempting to update review 2
reviews.py 2025-11-07 02:02:07,495 - app.routers.reviews -ERROR - Error updating review 2: ServiceReview.update_review() got an unexpected keyword argument 'review_update'
reviews.py 2025-11-07 02:04:49,583 - app.routers.reviews -INFO - User test3@example.com attempting to update review 2
reviews.py 2025-11-07 02:04:49,585 - app.routers.reviews -ERROR - Error updating review 2: ServiceReview.update_review() got an unexpected keyword argument 'review_update'
reviews.py 2025-11-07 02:08:21,082 - app.routers.reviews -INFO - User test3@example.com attempting to update review 2
reviews.py 2025-11-07 02:08:21,108 - app.routers.reviews -ERROR - Error fetching reviews: Review not found
reviews.py 2025-11-07 02:10:32,227 - app.routers.reviews -INFO - User test3@example.com attempting to update review 2
reviews.py 2025-11-07 02:10:32,238 - app.routers.reviews -ERROR - Error fetching reviews: Review not found
reviews.py 2025-11-07 02:12:06,204 - app.routers.reviews -INFO - User test3@example.com attempting to update review 3
reviews.py 2025-11-07 02:12:06,213 - app.routers.reviews -ERROR - Error fetching reviews: Review not found
reviews.py 2025-11-07 02:17:04,463 - app.routers.reviews -INFO - User test3@example.com attempting to update review 3
reviews.py 2025-11-07 02:17:04,468 - app.routers.reviews -ERROR - Error fetching reviews: Review not found
reviews.py 2025-11-07 02:24:40,358 - app.routers.reviews -INFO - User test3@example.com attempting to update review 2
reviews.py 2025-11-07 02:24:40,390 - app.routers.reviews -ERROR - Error fetching reviews: Review not found
reviews.py 2025-11-07 02:36:00,269 - app.routers.reviews -INFO - User test3@example.com attempting to update review 2
reviews.py 2025-11-07 02:36:00,272 - app.routers.reviews -ERROR - Error updating review 2: ServiceReview.update_review() missing 1 required positional argument: 'current_user_id'
reviews.py 2025-11-07 02:37:29,563 - app.routers.reviews -INFO - User test3@example.com attempting to update review 2
reviews.py 2025-11-07 02:37:29,596 - app.routers.reviews -ERROR - Error fetching reviews: Review not found
reviews.py 2025-11-07 02:38:42,972 - app.routers.reviews -INFO - User test3@example.com attempting to update review 2
reviews.py 2025-11-07 02:38:42,982 - app.routers.reviews -ERROR - Error fetching reviews: Review not found
auth.py 2025-11-07 10:40:26,529 - app.routers.auth -INFO - User login attempt: test2@example.com
auth.py 2025-11-07 10:40:28,405 - app.routers.auth -INFO - User logged in successfully with email: test2@example.com
reviews.py 2025-11-07 10:41:36,840 - app.routers.reviews -INFO - User test2@example.com attempting to update review 1
reviews.py 2025-11-07 10:41:36,911 - app.routers.reviews -ERROR - Error fetching reviews: Review not found
auth.py 2025-11-07 11:03:57,619 - app.routers.auth -INFO - User login attempt: test2@example.com
auth.py 2025-11-07 11:03:59,329 - app.routers.auth -INFO - User logged in successfully with email: test2@example.com
reviews.py 2025-11-07 11:04:54,548 - app.routers.reviews -INFO - User test2@example.com attempting to update review 1
reviews.py 2025-11-07 11:04:54,614 - app.routers.reviews -INFO - Review 1 updated successfully by test2@example.com
reviews.py 2025-11-07 11:05:43,625 - app.routers.reviews -INFO - User test2@example.com attempting to update review 1
reviews.py 2025-11-07 11:05:43,641 - app.routers.reviews -INFO - Review 1 updated successfully by test2@example.com
reviews.py 2025-11-07 11:06:13,683 - app.routers.reviews -INFO - User test2@example.com attempting to update review 3
reviews.py 2025-11-07 11:06:13,688 - app.routers.reviews -ERROR - Error fetching reviews: You can only update your own reviews
reviews.py 2025-11-07 11:10:39,071 - app.routers.reviews -INFO - User test2@example.com attempting to update review 2
reviews.py 2025-11-07 11:10:39,087 - app.routers.reviews -INFO - Review 2 updated successfully by test2@example.com
reviews.py 2025-11-07 11:11:06,079 - app.routers.reviews -INFO - User test2@example.com attempting to update review 3
reviews.py 2025-11-07 11:11:06,083 - app.routers.reviews -ERROR - Error fetching reviews: You can only update your own reviews
auth.py 2025-11-07 11:13:40,767 - app.routers.auth -INFO - User login attempt: test1update@example.com
auth.py 2025-11-07 11:13:42,273 - app.routers.auth -INFO - User logged in successfully with email: test1update@example.com
services.py 2025-11-07 11:15:47,979 - app.routers.services -INFO - Fetching services with filters - q: None, price_min: None, price_max: None, active: None
services.py 2025-11-07 11:15:47,992 - app.routers.services -INFO - Retrieved 8 services successfully
bookings.py 2025-11-07 11:17:03,445 - app.routers.bookings -INFO - Admin test1update@example.com fetching all bookings
main.py 2025-11-07 13:07:01,547 - app.main -INFO - Root endpoint accessed
main.py 2025-11-07 13:12:16,397 - app.main -INFO - Root endpoint accessed
main.py 2025-11-07 13:19:51,262 - app.main -INFO - Root endpoint accessed
main.py 2025-11-07 13:21:15,191 - app.main -INFO - Root endpoint accessed
main.py 2025-11-07 14:17:23,117 - app.main -INFO - Root endpoint accessed
services.py 2025-11-07 16:23:28,152 - app.routers.services -INFO - Fetching services with filters - q: None, price_min: None, price_max: None, active: None
services.py 2025-11-07 16:23:28,430 - app.routers.services -INFO - Retrieved 8 services successfully
auth.py 2025-11-07 16:39:58,340 - app.routers.auth -INFO - User login attempt: test1update@example.com
auth.py 2025-11-07 16:39:59,963 - app.routers.auth -INFO - User logged in successfully with email: test1update@example.com
bookings.py 2025-11-07 16:40:28,799 - app.routers.bookings -INFO - Admin test1update@example.com fetching all bookings
auth.py 2025-11-07 16:42:02,632 - app.routers.auth -INFO - User login attempt: test2@example.com
auth.py 2025-11-07 16:42:03,983 - app.routers.auth -INFO - User logged in successfully with email: test2@example.com
bookings.py 2025-11-07 16:42:40,925 - app.routers.bookings -INFO - User test2@example.com fetching their bookings
auth.py 2025-11-07 16:47:09,688 - app.routers.auth -INFO - User login attempt: test1update@example.com
auth.py 2025-11-07 16:47:11,856 - app.routers.auth -INFO - User logged in successfully with email: test1update@example.com
bookings.py 2025-11-07 16:47:47,346 - app.routers.bookings -INFO - Admin test1update@example.com fetching all bookings
bookings.py 2025-11-07 16:48:30,711 - app.routers.bookings -INFO - Admin test1update@example.com fetching all bookings
bookings.py 2025-11-07 16:48:38,053 - app.routers.bookings -INFO - Admin test1update@example.com fetching all bookings
bookings.py 2025-11-07 16:49:05,914 - app.routers.bookings -INFO - Admin test1update@example.com fetching all bookings
bookings.py 2025-11-07 16:49:54,461 - app.routers.bookings -INFO - Admin test1update@example.com fetching all bookings
bookings.py 2025-11-07 16:50:45,280 - app.routers.bookings -INFO - Admin test1update@example.com fetching all bookings
bookings.py 2025-11-07 16:50:58,365 - app.routers.bookings -INFO - Admin test1update@example.com fetching all bookings
bookings.py 2025-11-07 16:52:03,850 - app.routers.bookings -INFO - Admin test1update@example.com fetching all bookings
bookings.py 2025-11-07 16:53:29,886 - app.routers.bookings -INFO - Admin test1update@example.com fetching all bookings
bookings.py 2025-11-07 16:53:40,155 - app.routers.bookings -INFO - Admin test1update@example.com fetching all bookings
bookings.py 2025-11-07 16:54:15,142 - app.routers.bookings -INFO - Admin test1update@example.com fetching all bookings
bookings.py 2025-11-07 16:55:05,794 - app.routers.bookings -INFO - Admin test1update@example.com fetching all bookings
auth.py 2025-11-07 17:38:44,454 - app.routers.auth -INFO - User login attempt: test2@example.com
auth.py 2025-11-07 17:38:45,340 - app.routers.auth -INFO - User logged in successfully with email: test2@example.com
bookings.py 2025-11-07 17:41:36,340 - app.routers.bookings -INFO - User test2@example.com attempting to create a new booking
bookings.py 2025-11-07 17:41:36,396 - app.routers.bookings -INFO - Booking created successfully for user: test2@example.com
bookings.py 2025-11-07 17:41:59,270 - app.routers.bookings -INFO - User test2@example.com attempting to create a new booking
bookings.py 2025-11-07 17:41:59,293 - app.routers.bookings -ERROR - Error creating booking: You have another booking that conflicts with the selected time slot
bookings.py 2025-11-07 17:42:29,667 - app.routers.bookings -INFO - User test2@example.com attempting to create a new booking
bookings.py 2025-11-07 17:42:29,681 - app.routers.bookings -INFO - Booking created successfully for user: test2@example.com
auth.py 2025-11-07 17:44:09,747 - app.routers.auth -INFO - User login attempt: test1update@example.com
auth.py 2025-11-07 17:44:10,411 - app.routers.auth -INFO - User logged in successfully with email: test1update@example.com
bookings.py 2025-11-07 17:47:08,708 - app.routers.bookings -INFO - Attempting to update booking with ID: 19
bookings.py 2025-11-07 17:47:08,724 - app.routers.bookings -INFO - Admin test1update@example.com updated booking ID 19 successfully
bookings.py 2025-11-07 17:47:30,219 - app.routers.bookings -INFO - Attempting to update booking with ID: 20
bookings.py 2025-11-07 17:47:30,228 - app.routers.bookings -INFO - Admin test1update@example.com updated booking ID 20 successfully
auth.py 2025-11-07 17:48:51,907 - app.routers.auth -INFO - User login attempt: test2@example.com
auth.py 2025-11-07 17:48:52,604 - app.routers.auth -INFO - User logged in successfully with email: test2@example.com
reviews.py 2025-11-07 17:50:20,036 - app.routers.reviews -INFO - User test2@example.com attempting to drop a review
reviews.py 2025-11-07 17:50:20,059 - app.routers.reviews -INFO - Review creation was successful for user: test2@example.com
reviews.py 2025-11-07 17:50:39,701 - app.routers.reviews -INFO - User test2@example.com attempting to drop a review
reviews.py 2025-11-07 17:50:39,703 - app.routers.reviews -ERROR - Error creating booking: You can only review your own bookings
auth.py 2025-11-07 17:51:06,024 - app.routers.auth -INFO - User login attempt: test3@example.com
auth.py 2025-11-07 17:51:06,717 - app.routers.auth -INFO - User logged in successfully with email: test3@example.com
reviews.py 2025-11-07 17:52:20,492 - app.routers.reviews -INFO - User test3@example.com attempting to drop a review
reviews.py 2025-11-07 17:52:20,499 - app.routers.reviews -INFO - Review creation was successful for user: test3@example.com
reviews.py 2025-11-07 17:52:43,183 - app.routers.reviews -INFO - Fetching reviews with service ID: 16
reviews.py 2025-11-07 17:52:43,188 - app.routers.reviews -INFO - Retrieved 1 reviews successfully
reviews.py 2025-11-07 17:53:08,453 - app.routers.reviews -INFO - Fetching reviews with service ID: 15
reviews.py 2025-11-07 17:53:08,457 - app.routers.reviews -INFO - Retrieved 1 reviews successfully
reviews.py 2025-11-07 17:53:39,265 - app.routers.reviews -INFO - Attempting to delete booking with ID: 19
reviews.py 2025-11-07 17:53:39,300 - app.routers.reviews -ERROR - Error deleting review: Review not found
reviews.py 2025-11-07 17:54:26,993 - app.routers.reviews -INFO - Attempting to delete booking with ID: 4
reviews.py 2025-11-07 17:54:26,996 - app.routers.reviews -ERROR - Error deleting review: You can only delete your own reviews
auth.py 2025-11-07 17:55:43,116 - app.routers.auth -INFO - User login attempt: test2@example.com
auth.py 2025-11-07 17:55:43,800 - app.routers.auth -INFO - User logged in successfully with email: test2@example.com
reviews.py 2025-11-07 17:56:56,212 - app.routers.reviews -INFO - Attempting to delete booking with ID: 1
reviews.py 2025-11-07 17:56:56,218 - app.routers.reviews -INFO - Review with ID 1 deleted successfully by user test2@example.com
reviews.py 2025-11-07 17:57:17,031 - app.routers.reviews -INFO - Attempting to delete booking with ID: 5
reviews.py 2025-11-07 17:57:17,033 - app.routers.reviews -ERROR - Error deleting review: You can only delete your own reviews
reviews.py 2025-11-07 17:58:21,816 - app.routers.reviews -INFO - Attempting to delete booking with ID: 3
reviews.py 2025-11-07 17:58:21,818 - app.routers.reviews -ERROR - Error deleting review: You can only delete your own reviews
auth.py 2025-11-07 17:58:41,431 - app.routers.auth -INFO - User login attempt: test1update@example.com
auth.py 2025-11-07 17:58:42,134 - app.routers.auth -INFO - User logged in successfully with email: test1update@example.com
reviews.py 2025-11-07 17:59:34,453 - app.routers.reviews -INFO - Attempting to delete booking with ID: 4
reviews.py 2025-11-07 17:59:34,457 - app.routers.reviews -INFO - Review with ID 4 deleted successfully by admin test1update@example.com
reviews.py 2025-11-07 18:00:49,442 - app.routers.reviews -INFO - Attempting to delete booking with ID: 4
reviews.py 2025-11-07 18:00:49,446 - app.routers.reviews -INFO - Review with ID 4 deleted successfully by admin test1update@example.com
reviews.py 2025-11-07 18:02:49,350 - app.routers.reviews -INFO - Attempting to delete booking with ID: 4
reviews.py 2025-11-07 18:02:49,372 - app.routers.reviews -INFO - Review with ID 4 deleted successfully by admin test1update@example.com
reviews.py 2025-11-07 18:03:00,053 - app.routers.reviews -INFO - Attempting to delete booking with ID: 4
reviews.py 2025-11-07 18:03:00,055 - app.routers.reviews -ERROR - Error deleting review: Review not found
reviews.py 2025-11-07 18:03:11,856 - app.routers.reviews -INFO - Attempting to delete booking with ID: 5
reviews.py 2025-11-07 18:03:11,867 - app.routers.reviews -INFO - Review with ID 5 deleted successfully by admin test1update@example.com
reviews.py 2025-11-07 18:03:21,671 - app.routers.reviews -INFO - Attempting to delete booking with ID: 5
reviews.py 2025-11-07 18:03:21,673 - app.routers.reviews -ERROR - Error deleting review: Review not found
auth.py 2025-11-10 22:42:33,233 - app.routers.auth -INFO - User login attempt: test1update@example.com
auth.py 2025-11-10 22:42:34,946 - app.routers.auth -INFO - User logged in successfully with email: test1update@example.com
services.py 2025-11-10 22:44:03,046 - app.routers.services -INFO - Admin test1update@example.com attempting to delete service with ID: 1
services.py 2025-11-10 22:44:03,139 - app.routers.services -ERROR - Error deleting service with ID 1: (psycopg2.errors.NotNullViolation) null value in column "service_id" of relation "bookings" violates not-null constraint
DETAIL:  Failing row contains (18, 5, null, 2025-11-06 14:00:34.818+01, 2025-11-06 15:00:34.818+01, completed, 2025-11-06 01:43:28.523896+01).

[SQL: UPDATE bookings SET service_id=%(service_id)s WHERE bookings.id = %(bookings_id)s]
[parameters: {'service_id': None, 'bookings_id': 18}]
(Background on this error at: https://sqlalche.me/e/20/gkpj)
services.py 2025-11-10 22:45:18,581 - app.routers.services -INFO - Admin test1update@example.com attempting to delete service with ID: 1
services.py 2025-11-10 22:45:18,590 - app.routers.services -ERROR - Error deleting service with ID 1: (psycopg2.errors.NotNullViolation) null value in column "service_id" of relation "bookings" violates not-null constraint
DETAIL:  Failing row contains (18, 5, null, 2025-11-06 14:00:34.818+01, 2025-11-06 15:00:34.818+01, completed, 2025-11-06 01:43:28.523896+01).

[SQL: UPDATE bookings SET service_id=%(service_id)s WHERE bookings.id = %(bookings_id)s]
[parameters: {'service_id': None, 'bookings_id': 18}]
(Background on this error at: https://sqlalche.me/e/20/gkpj)
bookings.py 2025-11-10 22:47:22,355 - app.routers.bookings -INFO - Attempting to delete booking with ID: 18
bookings.py 2025-11-10 22:47:22,376 - app.routers.bookings -ERROR - Error deleting booking with ID 18: (psycopg2.errors.NotNullViolation) null value in column "booking_id" of relation "reviews" violates not-null constraint
DETAIL:  Failing row contains (3, null, 4, I enjoyed the service!, 2025-11-07 01:57:14.837242+01).

[SQL: UPDATE reviews SET booking_id=%(booking_id)s WHERE reviews.id = %(reviews_id)s]
[parameters: {'booking_id': None, 'reviews_id': 3}]
(Background on this error at: https://sqlalche.me/e/20/gkpj)
reviews.py 2025-11-10 22:48:51,068 - app.routers.reviews -INFO - Attempting to delete booking with ID: 3
reviews.py 2025-11-10 22:48:51,095 - app.routers.reviews -INFO - Review with ID 3 deleted successfully by admin test1update@example.com
bookings.py 2025-11-10 22:49:03,329 - app.routers.bookings -INFO - Attempting to delete booking with ID: 18
bookings.py 2025-11-10 22:49:03,348 - app.routers.bookings -INFO - Booking with ID 18 deleted successfully by admin test1update@example.com
services.py 2025-11-10 22:49:17,294 - app.routers.services -INFO - Admin test1update@example.com attempting to delete service with ID: 1
services.py 2025-11-10 22:49:17,305 - app.routers.services -INFO - Service with ID 1 deleted successfully
services.py 2025-11-10 22:53:41,449 - app.routers.services -INFO - Admin test1update@example.com attempting to delete service with ID: 6
services.py 2025-11-10 22:53:41,468 - app.routers.services -INFO - Service with ID 6 deleted successfully
services.py 2025-11-10 22:53:55,972 - app.routers.services -INFO - Admin test1update@example.com attempting to delete service with ID: 7
services.py 2025-11-10 22:53:55,979 - app.routers.services -ERROR - Error deleting service with ID 7: (psycopg2.errors.NotNullViolation) null value in column "service_id" of relation "bookings" violates not-null constraint
DETAIL:  Failing row contains (16, 4, null, 2025-11-06 13:00:48.705+01, 2025-11-06 14:00:48.705+01, completed, 2025-11-06 01:36:55.232008+01).

[SQL: UPDATE bookings SET service_id=%(service_id)s WHERE bookings.id = %(bookings_id)s]
[parameters: {'service_id': None, 'bookings_id': 16}]
(Background on this error at: https://sqlalche.me/e/20/gkpj)
bookings.py 2025-11-10 22:59:03,144 - app.routers.bookings -INFO - Attempting to delete booking with ID: 16
bookings.py 2025-11-10 22:59:03,158 - app.routers.bookings -INFO - Booking with ID 16 deleted successfully by admin test1update@example.com
services.py 2025-11-10 22:59:07,980 - app.routers.services -INFO - Admin test1update@example.com attempting to delete service with ID: 7
services.py 2025-11-10 22:59:07,988 - app.routers.services -INFO - Service with ID 7 deleted successfully
services.py 2025-11-10 22:59:44,207 - app.routers.services -INFO - Admin test1update@example.com attempting to delete service with ID: 12
services.py 2025-11-10 22:59:44,214 - app.routers.services -INFO - Service with ID 12 deleted successfully
reviews.py 2025-11-10 23:00:29,825 - app.routers.reviews -INFO - Attempting to delete booking with ID: 1
reviews.py 2025-11-10 23:00:29,837 - app.routers.reviews -INFO - Review with ID 1 deleted successfully by admin test1update@example.com
reviews.py 2025-11-10 23:00:35,236 - app.routers.reviews -INFO - Attempting to delete booking with ID: 2
reviews.py 2025-11-10 23:00:35,245 - app.routers.reviews -INFO - Review with ID 2 deleted successfully by admin test1update@example.com
bookings.py 2025-11-10 23:01:21,404 - app.routers.bookings -INFO - Attempting to delete booking with ID: 12
bookings.py 2025-11-10 23:01:21,436 - app.routers.bookings -INFO - Booking with ID 12 deleted successfully by admin test1update@example.com
bookings.py 2025-11-10 23:01:34,162 - app.routers.bookings -INFO - Attempting to delete booking with ID: 15
bookings.py 2025-11-10 23:01:34,173 - app.routers.bookings -INFO - Booking with ID 15 deleted successfully by admin test1update@example.com
bookings.py 2025-11-10 23:01:36,416 - app.routers.bookings -INFO - Attempting to delete booking with ID: 15
bookings.py 2025-11-10 23:01:36,419 - app.routers.bookings -WARNING - Booking with ID 15 not found for deletion
bookings.py 2025-11-10 23:01:36,419 - app.routers.bookings -ERROR - Error deleting booking: Booking not found
services.py 2025-11-10 23:02:19,721 - app.routers.services -INFO - Admin test1update@example.com attempting to delete service with ID: 13
services.py 2025-11-10 23:02:19,739 - app.routers.services -INFO - Service with ID 13 deleted successfully
services.py 2025-11-10 23:02:41,813 - app.routers.services -INFO - Admin test1update@example.com attempting to delete service with ID: 14
services.py 2025-11-10 23:02:41,843 - app.routers.services -INFO - Service with ID 14 deleted successfully
bookings.py 2025-11-10 23:04:39,225 - app.routers.bookings -INFO - Attempting to delete booking with ID: 14
bookings.py 2025-11-10 23:04:39,238 - app.routers.bookings -INFO - Booking with ID 14 deleted successfully by admin test1update@example.com
bookings.py 2025-11-10 23:04:49,048 - app.routers.bookings -INFO - Attempting to delete booking with ID: 19
bookings.py 2025-11-10 23:04:49,058 - app.routers.bookings -INFO - Booking with ID 19 deleted successfully by admin test1update@example.com
bookings.py 2025-11-10 23:04:56,976 - app.routers.bookings -INFO - Attempting to delete booking with ID: 20
bookings.py 2025-11-10 23:04:56,990 - app.routers.bookings -INFO - Booking with ID 20 deleted successfully by admin test1update@example.com
bookings.py 2025-11-10 23:05:16,742 - app.routers.bookings -INFO - Attempting to delete booking with ID: 15
bookings.py 2025-11-10 23:05:16,744 - app.routers.bookings -WARNING - Booking with ID 15 not found for deletion
bookings.py 2025-11-10 23:05:16,745 - app.routers.bookings -ERROR - Error deleting booking: Booking not found
services.py 2025-11-10 23:05:29,704 - app.routers.services -INFO - Admin test1update@example.com attempting to delete service with ID: 15
services.py 2025-11-10 23:05:29,726 - app.routers.services -INFO - Service with ID 15 deleted successfully
services.py 2025-11-10 23:05:40,561 - app.routers.services -INFO - Admin test1update@example.com attempting to delete service with ID: 16
services.py 2025-11-10 23:05:40,569 - app.routers.services -INFO - Service with ID 16 deleted successfully
auth.py 2025-11-11 01:15:40,318 - app.routers.auth -INFO - Attempting to register user with email: test1@example.com
auth.py 2025-11-11 01:15:40,881 - app.routers.auth -INFO - User registered successfully with email: test1@example.com
auth.py 2025-11-11 01:17:18,681 - app.routers.auth -INFO - Attempting to register user with email: test2@example.com
auth.py 2025-11-11 01:17:19,043 - app.routers.auth -INFO - User registered successfully with email: test2@example.com
auth.py 2025-11-11 01:18:47,896 - app.routers.auth -INFO - User login attempt: test1@example.com
auth.py 2025-11-11 01:18:48,743 - app.routers.auth -INFO - User logged in successfully with email: test1@example.com
users.py 2025-11-11 01:20:38,144 - app.routers.users -INFO - User updated successfully: test1update@example.com
auth.py 2025-11-11 01:22:57,282 - app.routers.auth -INFO - User login attempt: test1update@example.com
auth.py 2025-11-11 01:22:58,036 - app.routers.auth -INFO - User logged in successfully with email: test1update@example.com
services.py 2025-11-11 01:23:23,086 - app.routers.services -INFO - Admin test1update@example.com attempting to create a new service
services.py 2025-11-11 01:23:23,111 - app.routers.services -INFO - Service created successfully: Haircut
services.py 2025-11-11 01:28:00,048 - app.routers.services -INFO - Admin test1update@example.com attempting to create a new service
services.py 2025-11-11 01:28:00,054 - app.routers.services -INFO - Service created successfully: Manicure
services.py 2025-11-11 01:28:39,108 - app.routers.services -INFO - Admin test1update@example.com attempting to create a new service
services.py 2025-11-11 01:28:39,113 - app.routers.services -INFO - Service created successfully: testing
services.py 2025-11-11 01:29:17,429 - app.routers.services -INFO - Fetching services with filters - q: None, price_min: None, price_max: None, active: None
services.py 2025-11-11 01:29:17,435 - app.routers.services -INFO - Retrieved 3 services successfully
services.py 2025-11-11 01:29:31,884 - app.routers.services -INFO - Fetching service with ID: 01K9R4QF6GXVF7GJ0ZKTYQHVHS
services.py 2025-11-11 01:29:31,888 - app.routers.services -INFO - Service with ID 01K9R4QF6GXVF7GJ0ZKTYQHVHS retrieved successfully
services.py 2025-11-11 01:29:50,940 - app.routers.services -INFO - Fetching service with ID: 01K9R4ZXNHM8JPW846264X584P
services.py 2025-11-11 01:29:50,944 - app.routers.services -INFO - Service with ID 01K9R4ZXNHM8JPW846264X584P retrieved successfully
services.py 2025-11-11 01:31:03,018 - app.routers.services -INFO - Admin test1update@example.com attempting to update service with ID: 01K9R4ZXNHM8JPW846264X584P
services.py 2025-11-11 01:31:03,028 - app.routers.services -INFO - Service with ID 01K9R4ZXNHM8JPW846264X584P updated successfully
services.py 2025-11-11 01:31:48,294 - app.routers.services -INFO - Admin test1update@example.com attempting to delete service with ID: 01K9R513T5P0DZ5SCHYX1EMXHA
services.py 2025-11-11 01:31:48,319 - app.routers.services -INFO - Service with ID 01K9R513T5P0DZ5SCHYX1EMXHA deleted successfully
auth.py 2025-11-11 01:39:00,447 - app.routers.auth -INFO - Attempting to register user with email: test3@example.com
auth.py 2025-11-11 01:39:01,143 - app.routers.auth -INFO - User registered successfully with email: test3@example.com
auth.py 2025-11-11 01:39:34,814 - app.routers.auth -INFO - User login attempt: test2update@example.com
auth.py 2025-11-11 01:39:34,817 - app.services.auth -WARNING - Invalid login attempt for email: test2update@example.com
auth.py 2025-11-11 01:39:34,819 - app.services.auth -WARNING - Refresh token request for unknown email: test2update@example.com
auth.py 2025-11-11 01:39:34,819 - app.routers.auth -WARNING - Login failed for email: test2update@example.com
auth.py 2025-11-11 01:39:45,387 - app.routers.auth -INFO - User login attempt: test2@example.com
auth.py 2025-11-11 01:39:46,815 - app.routers.auth -INFO - User logged in successfully with email: test2@example.com
services.py 2025-11-11 01:40:29,651 - app.routers.services -INFO - Fetching services with filters - q: None, price_min: None, price_max: None, active: None
services.py 2025-11-11 01:40:29,654 - app.routers.services -INFO - Retrieved 2 services successfully
services.py 2025-11-11 01:40:45,773 - app.routers.services -INFO - Fetching service with ID: 01K9R4ZXNHM8JPW846264X584P
services.py 2025-11-11 01:40:45,775 - app.routers.services -INFO - Service with ID 01K9R4ZXNHM8JPW846264X584P retrieved successfully
bookings.py 2025-11-11 01:42:30,760 - app.routers.bookings -INFO - User test2@example.com attempting to create a new booking
bookings.py 2025-11-11 01:42:30,763 - app.routers.bookings -ERROR - Error creating booking: End time must be after start time
bookings.py 2025-11-11 01:42:48,582 - app.routers.bookings -INFO - User test2@example.com attempting to create a new booking
bookings.py 2025-11-11 01:42:48,582 - app.routers.bookings -ERROR - Error creating booking: End time must be after start time
bookings.py 2025-11-11 01:43:07,327 - app.routers.bookings -INFO - User test2@example.com attempting to create a new booking
bookings.py 2025-11-11 01:43:07,328 - app.routers.bookings -ERROR - Error creating booking: can't compare offset-naive and offset-aware datetimes
bookings.py 2025-11-11 01:43:58,440 - app.routers.bookings -INFO - User test2@example.com attempting to create a new booking
bookings.py 2025-11-11 01:43:58,442 - app.routers.bookings -ERROR - Error creating booking: End time must be after start time
bookings.py 2025-11-11 01:45:30,771 - app.routers.bookings -INFO - User test2@example.com attempting to create a new booking
bookings.py 2025-11-11 01:45:30,812 - app.routers.bookings -INFO - Booking created successfully for user: test2@example.com
bookings.py 2025-11-11 01:49:50,874 - app.routers.bookings -INFO - User test2@example.com fetching their bookings
bookings.py 2025-11-11 01:50:30,977 - app.routers.bookings -INFO - fetching booking with ID: {booking_id}
bookings.py 2025-11-11 01:50:31,029 - app.routers.bookings -INFO - Booking with ID 01K9R5ZZSA53FXT5QPBH8RDQZ0 retrieved successfully
bookings.py 2025-11-11 01:51:20,930 - app.routers.bookings -INFO - Attempting to update booking with ID: 01K9R5ZZSA53FXT5QPBH8RDQZ0
bookings.py 2025-11-11 01:51:20,933 - app.routers.bookings -ERROR - Error creating booking: Users can only cancel their bookings
bookings.py 2025-11-11 01:52:54,779 - app.routers.bookings -INFO - Attempting to update booking with ID: 01K9R5ZZSA53FXT5QPBH8RDQZ0
bookings.py 2025-11-11 01:52:54,783 - app.routers.bookings -ERROR - Error creating booking: Users can only cancel their bookings
bookings.py 2025-11-11 01:53:10,062 - app.routers.bookings -INFO - Attempting to update booking with ID: 01K9R5ZZSA53FXT5QPBH8RDQZ0
bookings.py 2025-11-11 01:53:10,065 - app.routers.bookings -ERROR - Error creating booking: Users can only cancel their bookings
bookings.py 2025-11-11 01:55:17,202 - app.routers.bookings -INFO - Attempting to update booking with ID: 01K9R5ZZSA53FXT5QPBH8RDQZ0
bookings.py 2025-11-11 01:55:17,205 - app.routers.bookings -ERROR - Error creating booking: Users can only cancel their bookings
bookings.py 2025-11-11 01:55:48,592 - app.routers.bookings -INFO - Attempting to update booking with ID: 01K9R5ZZSA53FXT5QPBH8RDQZ0
bookings.py 2025-11-11 01:55:48,650 - app.routers.bookings -INFO - User test2@example.com updated booking ID 01K9R5ZZSA53FXT5QPBH8RDQZ0 successfully
bookings.py 2025-11-11 01:57:05,835 - app.routers.bookings -INFO - Attempting to delete booking with ID: 01K9R5ZZSA53FXT5QPBH8RDQZ0
bookings.py 2025-11-11 01:57:05,859 - app.routers.bookings -INFO - Booking with ID  01K9R5ZZSA53FXT5QPBH8RDQZ0 deleted successfully by user test2@example.com
bookings.py 2025-11-11 01:58:48,601 - app.routers.bookings -INFO - User test2@example.com attempting to create a new booking
bookings.py 2025-11-11 01:58:48,626 - app.routers.bookings -INFO - Booking created successfully for user: test2@example.com
reviews.py 2025-11-11 01:59:32,465 - app.routers.reviews -INFO - User test2@example.com attempting to drop a review
reviews.py 2025-11-11 01:59:32,469 - app.routers.reviews -ERROR - Error creating booking: You can only review completed bookings
auth.py 2025-11-11 02:00:09,879 - app.routers.auth -INFO - User login attempt: test1update@example.com
auth.py 2025-11-11 02:00:11,284 - app.routers.auth -INFO - User logged in successfully with email: test1update@example.com
bookings.py 2025-11-11 02:00:59,651 - app.routers.bookings -INFO - Admin test1update@example.com fetching all bookings
bookings.py 2025-11-11 02:01:31,082 - app.routers.bookings -INFO - fetching booking with ID: {booking_id}
bookings.py 2025-11-11 02:01:31,084 - app.routers.bookings -WARNING - Booking with ID 01K9R5ZZSA53FXT5QPBH8RDQZ0 not found
bookings.py 2025-11-11 02:01:37,806 - app.routers.bookings -INFO - fetching booking with ID: {booking_id}
bookings.py 2025-11-11 02:01:37,811 - app.routers.bookings -INFO - Booking with ID 01K9R6RAX8Y1FP9F2JXYGJKZW2 retrieved successfully
bookings.py 2025-11-11 02:02:18,421 - app.routers.bookings -INFO - Attempting to update booking with ID: 01K9R6RAX8Y1FP9F2JXYGJKZW2
bookings.py 2025-11-11 02:02:18,438 - app.routers.bookings -INFO - Admin test1update@example.com updated booking ID 01K9R6RAX8Y1FP9F2JXYGJKZW2 successfully
auth.py 2025-11-11 02:02:43,073 - app.routers.auth -INFO - User login attempt: test2@example.com
auth.py 2025-11-11 02:02:44,478 - app.routers.auth -INFO - User logged in successfully with email: test2@example.com
reviews.py 2025-11-11 02:04:03,658 - app.routers.reviews -INFO - User test2@example.com attempting to drop a review
reviews.py 2025-11-11 02:04:03,677 - app.routers.reviews -INFO - Review creation was successful for user: test2@example.com
reviews.py 2025-11-11 02:04:39,637 - app.routers.reviews -INFO - Fetching reviews with service ID: 01K9R4QF6GXVF7GJ0ZKTYQHVHS
reviews.py 2025-11-11 02:04:39,650 - app.routers.reviews -INFO - Retrieved 1 reviews successfully
reviews.py 2025-11-11 02:06:21,088 - app.routers.reviews -INFO - User test2@example.com attempting to update review 01K9R71YJHHX7E4DXTDYBMFS3S
reviews.py 2025-11-11 02:06:21,148 - app.routers.reviews -INFO - Review 01K9R71YJHHX7E4DXTDYBMFS3S updated successfully by test2@example.com
reviews.py 2025-11-11 02:06:35,412 - app.routers.reviews -INFO - Attempting to delete booking with ID: 01K9R71YJHHX7E4DXTDYBMFS3S
reviews.py 2025-11-11 02:06:35,425 - app.routers.reviews -INFO - Review with ID 01K9R71YJHHX7E4DXTDYBMFS3S deleted successfully by user test2@example.com
auth.py 2025-11-11 15:40:45,991 - app.routers.auth -INFO - User login attempt: test1update@example.com
auth.py 2025-11-11 15:40:47,987 - app.routers.auth -INFO - User logged in successfully with email: test1update@example.com
auth.py 2025-11-11 16:14:05,860 - app.routers.auth -INFO - User login attempt: test1update@example.com
auth.py 2025-11-11 16:14:07,053 - app.routers.auth -INFO - User logged in successfully with email: test1update@example.com
services.py 2025-11-11 16:15:36,233 - app.routers.services -INFO - Admin test1update@example.com attempting to create a new service
services.py 2025-11-11 16:15:36,257 - app.routers.services -INFO - Service created successfully: Massage
services.py 2025-11-11 16:15:56,048 - app.routers.services -INFO - Fetching services with filters - q: None, price_min: None, price_max: None, active: None
services.py 2025-11-11 16:15:56,052 - app.routers.services -INFO - Retrieved 3 services successfully
services.py 2025-11-11 16:17:20,871 - app.routers.services -INFO - Fetching services with filters - q: None, price_min: 20000, price_max: None, active: None
services.py 2025-11-11 16:17:20,877 - app.routers.services -INFO - Retrieved 2 services successfully
services.py 2025-11-11 16:17:44,628 - app.routers.services -INFO - Fetching services with filters - q: None, price_min: 20000, price_max: 20000, active: None
services.py 2025-11-11 16:17:44,634 - app.routers.services -INFO - Retrieved 1 services successfully
services.py 2025-11-11 16:17:53,155 - app.routers.services -INFO - Fetching services with filters - q: None, price_min: None, price_max: 20000, active: None
services.py 2025-11-11 16:17:53,160 - app.routers.services -INFO - Retrieved 2 services successfully
services.py 2025-11-11 16:18:58,227 - app.routers.services -INFO - Fetching service with ID: 01K9SQS5NEBW5M25N016WV74K6
services.py 2025-11-11 16:18:58,231 - app.routers.services -INFO - Service with ID 01K9SQS5NEBW5M25N016WV74K6 retrieved successfully
auth.py 2025-11-11 16:20:28,731 - app.routers.auth -INFO - User login attempt: test2@example.com
auth.py 2025-11-11 16:20:29,471 - app.routers.auth -INFO - User logged in successfully with email: test2@example.com
services.py 2025-11-11 16:21:09,330 - app.routers.services -INFO - Fetching service with ID: 01K9SQS5NEBW5M25N016WV74K6
services.py 2025-11-11 16:21:09,333 - app.routers.services -INFO - Service with ID 01K9SQS5NEBW5M25N016WV74K6 retrieved successfully
bookings.py 2025-11-11 16:23:40,998 - app.routers.bookings -INFO - User test2@example.com attempting to create a new booking
bookings.py 2025-11-11 16:23:41,069 - app.routers.bookings -INFO - Booking created successfully for user: test2@example.com
bookings.py 2025-11-11 16:24:01,328 - app.routers.bookings -INFO - User test2@example.com fetching their bookings
bookings.py 2025-11-11 16:25:51,644 - app.routers.bookings -INFO - User test2@example.com fetching their bookings
bookings.py 2025-11-11 16:26:31,720 - app.routers.bookings -INFO - fetching booking with ID: {booking_id}
bookings.py 2025-11-11 16:26:31,722 - app.routers.bookings -INFO - Booking with ID 01K9SR7Z3EET4AY0CC30JQK2VZ retrieved successfully
bookings.py 2025-11-11 16:28:20,826 - app.routers.bookings -INFO - Attempting to delete booking with ID: 01K9R6RAX8Y1FP9F2JXYGJKZW2
bookings.py 2025-11-11 16:28:20,828 - app.routers.bookings -ERROR - Error deleting booking: Cannot delete past or ongoing bookings
auth.py 2025-11-11 16:29:34,400 - app.routers.auth -INFO - User login attempt: test1update@example.com
auth.py 2025-11-11 16:29:35,214 - app.routers.auth -INFO - User logged in successfully with email: test1update@example.com
bookings.py 2025-11-11 16:31:13,382 - app.routers.bookings -INFO - Attempting to update booking with ID: 01K9SR7Z3EET4AY0CC30JQK2VZ
bookings.py 2025-11-11 16:31:13,395 - app.routers.bookings -INFO - Admin test1update@example.com updated booking ID 01K9SR7Z3EET4AY0CC30JQK2VZ successfully
auth.py 2025-11-11 16:31:31,472 - app.routers.auth -INFO - User login attempt: test2@example.com
auth.py 2025-11-11 16:31:32,226 - app.routers.auth -INFO - User logged in successfully with email: test2@example.com
reviews.py 2025-11-11 16:32:49,917 - app.routers.reviews -INFO - User test2@example.com attempting to drop a review
reviews.py 2025-11-11 16:32:49,985 - app.routers.reviews -INFO - Review creation was successful for user: test2@example.com
reviews.py 2025-11-11 16:33:40,733 - app.routers.reviews -INFO - User test2@example.com attempting to update review 01K9SR7Z3EET4AY0CC30JQK2VZ
reviews.py 2025-11-11 16:33:40,744 - app.routers.reviews -ERROR - Error fetching reviews: Review not found
reviews.py 2025-11-11 16:34:09,346 - app.routers.reviews -INFO - User test2@example.com attempting to update review 01K9SRRQ57KS1YSQCKBJG8SK8H
reviews.py 2025-11-11 16:34:09,399 - app.routers.reviews -INFO - Review 01K9SRRQ57KS1YSQCKBJG8SK8H updated successfully by test2@example.com
reviews.py 2025-11-11 16:53:21,557 - app.routers.reviews -INFO - Attempting to delete booking with ID: 01K9SRRQ57KS1YSQCKBJG8SK8L
reviews.py 2025-11-11 16:53:21,559 - app.routers.reviews -ERROR - Error deleting review: Review not found
reviews.py 2025-11-11 16:53:28,505 - app.routers.reviews -INFO - Attempting to delete booking with ID: 01K9SRRQ57KS1YSQCKBJG8SK8H
reviews.py 2025-11-11 16:53:28,516 - app.routers.reviews -INFO - Review with ID 01K9SRRQ57KS1YSQCKBJG8SK8H deleted successfully by user test2@example.com
auth.py 2025-11-11 17:40:44,193 - app.routers.auth -INFO - User login attempt: test1update@example.com
auth.py 2025-11-11 17:40:45,224 - app.routers.auth -INFO - User logged in successfully with email: test1update@example.com
services.py 2025-11-11 17:45:24,102 - app.routers.services -INFO - Admin test1update@example.com attempting to delete service with ID: 01K9R4QF6GXVF7GJ0ZKTYQHVHS
services.py 2025-11-11 17:45:24,127 - app.routers.services -ERROR - Error deleting service with ID 01K9R4QF6GXVF7GJ0ZKTYQHVHS: (psycopg2.errors.NotNullViolation) null value in column "service_id" of relation "bookings" violates not-null constraint
DETAIL:  Failing row contains (01K9R6RAX8Y1FP9F2JXYGJKZW2, 01K9R4CBNZ1QTWW8KZ08VQGY6D, null, 2025-11-11 14:33:47.174+01, 2025-11-11 15:33:47.174+01, completed, 2025-11-11 01:58:48.616512+01).

[SQL: UPDATE bookings SET service_id=%(service_id)s WHERE bookings.id = %(bookings_id)s]
[parameters: {'service_id': None, 'bookings_id': '01K9R6RAX8Y1FP9F2JXYGJKZW2'}]
(Background on this error at: https://sqlalche.me/e/20/gkpj)
bookings.py 2025-11-11 17:46:16,871 - app.routers.bookings -INFO - Attempting to delete booking with ID: 01K9R6RAX8Y1FP9F2JXYGJKZW2
bookings.py 2025-11-11 17:46:16,895 - app.routers.bookings -INFO - Booking with ID 01K9R6RAX8Y1FP9F2JXYGJKZW2 deleted successfully by admin test1update@example.com
services.py 2025-11-11 17:46:39,106 - app.routers.services -INFO - Admin test1update@example.com attempting to delete service with ID: 01K9R4QF6GXVF7GJ0ZKTYQHVHS
services.py 2025-11-11 17:46:39,113 - app.routers.services -INFO - Service with ID 01K9R4QF6GXVF7GJ0ZKTYQHVHS deleted successfully
services.py 2025-11-11 17:47:15,051 - app.routers.services -INFO - Admin test1update@example.com attempting to delete service with ID: 01K9R4ZXNHM8JPW846264X584P
services.py 2025-11-11 17:47:15,056 - app.routers.services -INFO - Service with ID 01K9R4ZXNHM8JPW846264X584P deleted successfully
services.py 2025-11-11 17:48:00,687 - app.routers.services -INFO - Admin test1update@example.com attempting to delete service with ID: 01K9SR7Z3EET4AY0CC30JQK2VZ
services.py 2025-11-11 17:48:00,689 - app.routers.services -WARNING - Service with ID 01K9SR7Z3EET4AY0CC30JQK2VZ not found for deletion
services.py 2025-11-11 17:48:00,691 - app.routers.services -ERROR - Error deleting service with ID 01K9SR7Z3EET4AY0CC30JQK2VZ: 404: Service not found
services.py 2025-11-11 17:49:25,470 - app.routers.services -INFO - Admin test1update@example.com attempting to delete service with ID: 01K9SR7Z3EET4AY0CC30JQK2VZ
services.py 2025-11-11 17:49:25,479 - app.routers.services -WARNING - Service with ID 01K9SR7Z3EET4AY0CC30JQK2VZ not found for deletion
services.py 2025-11-11 17:49:25,480 - app.routers.services -ERROR - Error deleting booking: Service not found
bookings.py 2025-11-11 17:49:55,635 - app.routers.bookings -INFO - Attempting to delete booking with ID: 01K9SR7Z3EET4AY0CC30JQK2VZ
bookings.py 2025-11-11 17:49:55,687 - app.routers.bookings -INFO - Booking with ID 01K9SR7Z3EET4AY0CC30JQK2VZ deleted successfully by admin test1update@example.com
services.py 2025-11-11 17:50:25,998 - app.routers.services -INFO - Admin test1update@example.com attempting to delete service with ID: 01K9SQS5NEBW5M25N016WV74K6
services.py 2025-11-11 17:50:26,011 - app.routers.services -INFO - Service with ID 01K9SQS5NEBW5M25N016WV74K6 deleted successfully
auth.py 2025-11-11 21:23:16,360 - app.routers.auth -INFO - User login attempt: test1update@example.com
auth.py 2025-11-11 21:23:17,953 - app.routers.auth -INFO - User logged in successfully with email: test1update@example.com
auth.py 2025-11-13 17:55:29,281 - app.routers.auth -INFO - Attempting to register user with email: test1@example.com
auth.py 2025-11-13 17:55:30,003 - app.routers.auth -INFO - User registered successfully with email: test1@example.com
